推: 25,噓: 4,分數: 21,作者: Rusnake5566 (魯蛇+56 PTT最強帳號),標題: [問卦] 兩個候選人選前一個月同時陣亡的可能性,時間: Fri Oct  2 13:56:39 2020
推: 11,噓: 11,分數: 0,作者: LoveMakeLove (ボケ),標題: [新聞]江啟臣：兩岸是不對稱的戰爭 從募兵改徵兵,時間: Wed Oct  7 18:53:08 2020
推: 20,噓: 0,分數: 20,作者: MintSu (Simon),標題: [問卦] 如果川普老婆死於武漢肺炎會怎麼樣？,時間: Fri Oct  2 13:30:55 2020
推: 31,噓: 2,分數: 29,作者: seiya2000 (風見),標題: [問卦] 為什麼古代生物體型可以長到這麼大？,時間: Fri Oct  2 12:35:18 2020
推: 106,噓: 6,分數: 100,作者: kasumi5566 (霞),標題: [問卦] 支那女生是不是都沒錢修補衣服,時間: Fri Oct  2 13:43:25 2020
推: 11,噓: 27,分數: -16,作者: starport (輕鬆看),標題: [新聞] 川普夫婦確診了！網友卻認為「案情不單,時間: Fri Oct  2 14:30:34 2020
推: 6,噓: 0,分數: 6,作者: trolleybus99 (不要問),標題: [問卦] 習大大現在在想什麼,時間: Fri Oct  2 14:07:53 2020
推: 2,噓: 4,分數: -2,作者: hk410050 (A柏),標題: [新聞] 國際藝文人士來台可申請專案縮短隔離 國,時間: Wed Oct  7 16:53:31 2020
推: 36,噓: 4,分數: 32,作者: tennoji2003 (),標題: [問卦] 隨便說三個你會的做愛技巧！,時間: Wed Oct  7 17:55:20 2020
推: 4,噓: 0,分數: 4,作者: XDDDpupu5566 (XDpu56家族),標題: [問卦] 亡國之君在想什麼？,時間: Fri Oct  2 14:13:42 2020
推: 4,噓: 3,分數: 1,作者: E24056823 (RAINFAULT),標題: [問卦] 現在新聞都喜歡用什麼字眼啊,時間: Fri Oct  2 13:25:47 2020
推: 7,噓: 2,分數: 5,作者: hhuuu (hhhh),標題: [問卦] 你第一眼直覺這個能防螞蟻嗎,時間: Wed Oct  7 17:30:27 2020
推: 149,噓: 14,分數: 135,作者: gogopacer (gogopacer),標題: [問卦] 大安區的便當這樣多少？,時間: Wed Oct  7 18:07:59 2020
推: 2,噓: 2,分數: 0,作者: WaWa3 (寂寞的麻糬),標題: [問卦] 泌尿科找女醫師，最後向台女露鳥的機會？,時間: Fri Oct  2 11:32:58 2020
推: 10,噓: 0,分數: 10,作者: ccf52881 (ccf52881),標題: [新聞] 新莊、樹林周邊電桿全面地下化 耗資9億54,時間: Wed Oct  7 16:42:00 2020
推: 4,噓: 0,分數: 4,作者: zalora (lara),標題: [新聞] 印度邊境布防巡航導彈目標鎖解放軍西藏,時間: Fri Oct  2 12:59:39 2020
推: 94,噓: 29,分數: 65,作者: www90173 (明鏡),標題: [問卦] 華堡是不是屌打大麥克,時間: Wed Oct  7 16:26:18 2020
推: 8,噓: 6,分數: 2,作者: cimo764 (蘋果西打),標題: [新聞] 扯！台中發獎狀竟印中國民國　師：原來,時間: Wed Oct  7 19:37:02 2020
推: 4,噓: 0,分數: 4,作者: a12345x (到不了終點),標題: [問卦] 台灣的印度人多嗎,時間: Fri Oct  2 12:49:40 2020
推: 56,噓: 2,分數: 54,作者: Conan5566 (連續殺人),標題: [問卦] 川普遺書會寫什麼？,時間: Fri Oct  2 15:01:05 2020
推: 2,噓: 6,分數: -4,作者: posen2012 (posen),標題: [問卦] 阿福一字馬484很香啊？,時間: Wed Oct  7 17:20:27 2020
推: 8,噓: 2,分數: 6,作者: ericf129 (☆小艾克★),標題: [問卦] 有沒有國慶煙火超屌的八卦？,時間: Wed Oct  7 16:13:15 2020
推: 8,噓: 10,分數: -2,作者: keane9112 (拎北逮頑郎 拎北反支那啦),標題: [問卦] 那些質疑魏如萱的是否沒看到這段才質疑,時間: Wed Oct  7 16:47:45 2020
推: 4,噓: 0,分數: 4,作者: aure0914 (tunik),標題: [問卦] 如果川普在選前掛掉會怎樣？,時間: Fri Oct  2 14:46:55 2020
推: 10,噓: 0,分數: 10,作者: cklovework (ckcck休。),標題: [問卦] 65歲老人可以湊到一個輕裝師嗎？,時間: Wed Oct  7 19:56:55 2020
推: 5,噓: 0,分數: 5,作者: sookie (宣醬),標題: [新聞] 最新Chromecast搭載Google TV與遙控器　,時間: Wed Oct  7 19:05:05 2020
推: 9,噓: 1,分數: 8,作者: faceloser (臉輸哥),標題: [問卦] 如果川普跟拜登都在選前病逝？,時間: Fri Oct  2 13:29:51 2020
推: 2,噓: 2,分數: 0,作者: jiouje (JioUje),標題: [問卦] 洗頭妹 幫我洗頭帶手套？？？？,時間: Wed Oct  7 21:20:19 2020
推: 11,噓: 3,分數: 8,作者: jerrysuper (super),標題: [問卦] 機車吵爸媽出錢買的在想什麼？,時間: Fri Oct  2 12:45:31 2020
推: 26,噓: 3,分數: 23,作者: jasonlin2100 (jasonlin),標題: [問卦] 湖口一堆流氓8+9？,時間: Wed Oct  7 18:39:50 2020
推: 11,噓: 3,分數: 8,作者: abcde010710 (跟著風向走的肥宅),標題: [問卦] 林俊傑音樂功力怎麼樣,時間: Wed Oct  7 17:16:44 2020
推: 4,噓: 0,分數: 4,作者: hmt17 (Popo:(bﾟ▽ﾟ)b),標題: [新聞]《惡靈古堡》電影再啟卡司曝光！Netfix影 ,時間: Wed Oct  7 21:20:51 2020
推: 30,噓: 1,分數: 29,作者: wizardfizban (瘋法師),標題: [新聞] 萊豬文宣竟進入北市7國小 北市教育局：確,時間: Wed Oct  7 20:41:42 2020
推: 12,噓: 0,分數: 12,作者: ibox5566 (I盒子5566),標題: [問卦] 今天美股會熔斷嗎？,時間: Fri Oct  2 13:09:18 2020
推: 12,噓: 4,分數: 8,作者: ron19971997 (安安),標題: [問卦] 台北車站真的算迷宮嗎？,時間: Wed Oct  7 16:47:55 2020
推: 1,噓: 3,分數: -2,作者: powyo (光子郎),標題: [問卦] 排骨酥湯+湯圓 這樣吃會很客家嗎,時間: Fri Oct  2 13:12:15 2020
推: 32,噓: 7,分數: 25,作者: tw689 (台灣689),標題: [問卦] 住在陽明山上有什麼優點？,時間: Wed Oct  7 20:16:57 2020
推: 6,噓: 2,分數: 4,作者: stock5566 (股神56),標題: [問卦] 活過2020年484能嘴一輩子？,時間: Fri Oct  2 13:33:39 2020
推: 1,噓: 0,分數: 1,作者: showlive0214 (凡艾草),標題: [問卦] 川普確診是不是八奇的思考力領域,時間: Fri Oct  2 14:17:26 2020
推: 9,噓: 1,分數: 8,作者: underwood (安德伍德),標題: [問卦] 有人只能靠年終存錢的ㄇ,時間: Fri Oct  2 12:11:08 2020
推: 1,噓: 0,分數: 1,作者: aabbcc520 (U質文),標題: [問卦] 請問女同事問我要不要去同事婚禮的八卦,時間: Fri Oct  2 14:57:45 2020
推: 6,噓: 3,分數: 3,作者: nissan168 (pingGO),標題: [問卦] 坑殺四十萬趙國降卒？,時間: Fri Oct  2 12:47:02 2020
推: 9,噓: 2,分數: 7,作者: lotudi (憶苦方知思甜),標題: [問卦]低碳飲食的狀態下有辦法不容易肚子餓？,時間: Wed Oct  7 17:54:03 2020
推: 10,噓: 0,分數: 10,作者: LeonardoChen (LeonardoChen),標題: [問卦] 亂倫的黑數484很高？,時間: Wed Oct  7 16:35:19 2020
推: 0,噓: 0,分數: 0,作者: zzyyxx77 (討噓大師77),標題: [問卦] 騎到新竹宇老 再來要幹嗎？,時間: Fri Oct  2 15:37:17 2020
推: 117,噓: 15,分數: 102,作者: Quiff (in the Shell),標題: [爆卦] 拜登領先擴大至21%！,時間: Wed Oct  7 17:52:26 2020
推: 1,噓: 0,分數: 1,作者: tangqingcai (燙青菜),標題: [問卦] 武漢病毒現在在想什麼？,時間: Fri Oct  2 13:21:56 2020
推: 25,噓: 6,分數: 19,作者: Allen1096 (慾望越大，硬碟越大),標題: [問卦] 有沒有新竹火車站的八卦,時間: Wed Oct  7 18:30:59 2020
推: 12,噓: 14,分數: -2,作者: Mayinggo (甲甲跟柯糞一起下去),標題: [新聞] 變態直排輪教練！帶7男童拍裸照打飛機 　,時間: Fri Oct  2 12:29:23 2020
推: 5,噓: 13,分數: -8,作者: nk11208z (小魯),標題: [新聞] 戰爭時誰收屍？PTT鄉民揭神秘內幕：大賺,時間: Fri Oct  2 12:02:20 2020
推: 3,噓: 4,分數: -1,作者: Holmes7 (El Mundo),標題: [問卦] 我哥也是勞工為何不嫌退休金少？,時間: Wed Oct  7 19:18:30 2020
推: 5,噓: 2,分數: 3,作者: saisai9230 (小為),標題: [新聞] 延攬柯文哲人馬 林右昌證實前北市府發言人林昆鋒接綜合發展處長,時間: Wed Oct  7 20:14:42 2020
推: 30,噓: 5,分數: 25,作者: Usayhiisayha (【〖《〔（{`}）〕》〗】),標題: [問卦] 海陸全餐加蔥蛋林志玲吃的完嗎？,時間: Fri Oct  2 11:53:04 2020
推: 5,噓: 0,分數: 5,作者: sam197665 (東哥),標題: [問卦] 川普對上羅禮士，誰會贏？,時間: Wed Oct  7 20:39:58 2020
推: 27,噓: 3,分數: 24,作者: badjye911 (阿三),標題: [問卦] 基隆以後適合長住嗎？,時間: Fri Oct  2 11:50:33 2020
推: 8,噓: 2,分數: 6,作者: perfidia (Schlafmütze),標題: [問卦] FB上面放BMW跟放MBL哪個可以吸引到女森？,時間: Wed Oct  7 17:40:13 2020
推: 5,噓: 2,分數: 3,作者: mesubutaMYS (YBUTACHAN),標題: [問卦] 上帝連我的隊友都救不了，如何救世人,時間: Fri Oct  2 13:55:12 2020
推: 5,噓: 6,分數: -1,作者: kashima228 (承),標題: [問卦] 機車上高速到底有沒有合法？,時間: Wed Oct  7 18:51:23 2020
推: 72,噓: 7,分數: 65,作者: faosxh (灰狐狸),標題: [問卦] 有沒有像「北榮」這種簡稱的簡稱,時間: Fri Oct  2 14:25:18 2020
推: 0,噓: 2,分數: -2,作者: d995511 (flcl),標題: [問卦] 買惹many發現路上妹子都在看我怎麼辦？,時間: Wed Oct  7 21:23:36 2020
推: 6,噓: 0,分數: 6,作者: HyperPoro (TomorrowIsInYourHands),標題: [問卦] 川普如果癒後颯爽復出會發生什麼事？,時間: Fri Oct  2 14:44:17 2020
推: 5,噓: 0,分數: 5,作者: opfish (coco),標題: [問卦] 爐渣市要辦國慶煙火有推薦好玩好吃的嗎,時間: Fri Oct  2 12:58:01 2020
推: 129,噓: 21,分數: 108,作者: facebookig (魯蛇臉書),標題: [爆卦] 恭喜警察被記申誡喔！,時間: Wed Oct  7 19:41:08 2020
推: 40,噓: 5,分數: 35,作者: lockgolden (鎖金),標題: [問卦] 有匿蹤戰機，怎麼匿蹤飛彈還沒做出來？,時間: Wed Oct  7 17:10:45 2020
推: 6,噓: 3,分數: 3,作者: Francise (少喝飲料多喝水),標題: [問卦] 雙北的8＋9都藏在哪？,時間: Wed Oct  7 18:46:36 2020
推: 4,噓: 1,分數: 3,作者: s110269 (),標題: [問卦] 放假前進十張2330是不是躺著數錢？,時間: Fri Oct  2 13:41:38 2020
推: 3,噓: 0,分數: 3,"作者: sheep531531 (只是一隻羊 @(""o_o"")@)",標題: [問卦] 甘草粉是不是屌打梅粉？,時間: Wed Oct  7 18:49:36 2020
推: 30,噓: 2,分數: 28,作者: amoebaba719 (阿米巴(按z進精華區)),標題: [新聞] Subway潛艇堡的麵包不是麵包？愛爾蘭法院,時間: Wed Oct  7 18:20:29 2020
推: 7,噓: 0,分數: 7,作者: LaAc (深淵戰士),標題: [問卦] 有沒有hspice的八卦,時間: Wed Oct  7 20:08:51 2020
推: 8,噓: 4,分數: 4,作者: r1i545we (種田賣菜郎),標題: [問卦] 看到教召要加薪教召仔有多爽？？,時間: Wed Oct  7 20:13:57 2020
推: 23,噓: 2,分數: 21,作者: Stella289 (Stella),標題: [新聞] 放寬除役年限？年齡擬提高到50歲　,時間: Wed Oct  7 20:49:37 2020
推: 62,噓: 74,分數: -12,作者: googolplex (googolplex),標題: [爆卦] 最新防疫成功國家排名 中國第一 台灣榜外,時間: Wed Oct  7 17:40:29 2020
推: 8,噓: 0,分數: 8,作者: IslamicState (伊斯蘭國-不亂砍頭),標題: [問卦] 川普中標會讓美國選舉產生變數嗎,時間: Fri Oct  2 13:08:07 2020
推: 1,噓: 1,分數: 0,作者: bluebagel (果果:)),標題: [問卦] 大家幾天沒洗頭會變條碼頭？,時間: Fri Oct  2 13:28:29 2020
推: 13,噓: 7,分數: 6,作者: Sandra777 (珊朵拉),標題: [問卦] 年薪40萬  可以買台北哪裡？,時間: Wed Oct  7 18:00:37 2020
推: 19,噓: 1,分數: 18,作者: theskyofblue (天空藍),標題: [問卦] 蘋果的safari為啥這麼多人愛用,時間: Fri Oct  2 15:18:20 2020
推: 5,噓: 0,分數: 5,作者: matatabi (matatabi),標題: [問卦] 台中火車站那麼多家太陽餅都誰在買的？,時間: Wed Oct  7 18:29:46 2020
推: 3,噓: 1,分數: 2,作者: Giddcns (狠、插、勁！！！),標題: [問卦] 有沒有蓋牌的八卦？,時間: Wed Oct  7 16:30:55 2020
推: 6,噓: 3,分數: 3,作者: DavidGuetta (大衛 庫塔),標題: [問卦] 台灣跟中國一樣虛坪制不丟臉嗎？,時間: Wed Oct  7 16:58:55 2020
推: 10,噓: 5,分數: 5,作者: stockeye (stockeye),標題: [新聞] 救豬農「百億基金」首曝光 陳吉仲：4年共,時間: Wed Oct  7 21:00:08 2020
推: 23,噓: 3,分數: 20,作者: mucorn (MU),標題: [問卦] 美國總統中毒，最爽的是誰？,時間: Fri Oct  2 13:17:51 2020
推: 8,噓: 5,分數: 3,作者: soulboy330 (stay the course),標題: [問卦] 咖啡因洗髮精真的有用嗎？,時間: Wed Oct  7 19:36:34 2020
推: 1,噓: 0,分數: 1,作者: ASKR (ASKR),標題: [問卦] 阿薩斯會淨化白宮嗎,時間: Fri Oct  2 13:27:28 2020
推: 4,噓: 1,分數: 3,作者: tigotigo5566 (鐵劍5566),標題: [問卦] 有沒有黃安又要拍戲的八卦？,時間: Fri Oct  2 14:35:56 2020
推: 33,噓: 3,分數: 30,作者: fenway18 (天然本草),標題: [新聞] 慕尼黑房市 泡沫風險冠全球,時間: Wed Oct  7 19:45:27 2020
推: 4,噓: 1,分數: 3,作者: d995511 (flcl),標題: [問卦] 明天要挑戰一人頂三工好緊張？,時間: Wed Oct  7 20:53:21 2020
推: 5,噓: 0,分數: 5,作者: christiano (喀稱),標題: [問卦] 外國人中文歌的例子多嗎？,時間: Wed Oct  7 16:35:27 2020
推: 1,噓: 2,分數: -1,作者: hydroer (水人),標題: [問卦] 汪建民和丸子的Junior要怎麼分？,時間: Wed Oct  7 20:10:35 2020
推: 3,噓: 0,分數: 3,作者: jun059 (好想睡覺),標題: [問卦] 想見你為啥沒入圍金曲獎？,時間: Wed Oct  7 21:15:44 2020
推: 40,噓: 0,分數: 40,作者: jackliao1990 (jack),標題: [爆卦] 2020年諾貝爾化學獎,時間: Wed Oct  7 17:48:42 2020
推: 6,噓: 1,分數: 5,作者: stuj9019 (肥宅好吃 ^Q^),標題: [問卦] 該怎麼用北京話求饒,時間: Fri Oct  2 13:18:06 2020
推: 94,噓: 13,分數: 81,作者: chee77724 (打工小天后),標題: [新聞] 大安警衛伴李登輝36年今解散歸建 　李坤,時間: Wed Oct  7 17:16:21 2020
推: 26,噓: 7,分數: 19,作者: milkBK (blitzkrieg比較低),標題: [問卦] 台灣有厲害的科普YT嗎？,時間: Fri Oct  2 12:09:51 2020
推: 2,噓: 1,分數: 1,作者: ht91008 (色情狂),標題: [問卦] 在美國生病只能自身自滅嗎？,時間: Fri Oct  2 14:49:39 2020
推: 5,噓: 22,分數: -17,作者: GOD5566GOD (o'_'o),標題: [問卦] 覺青是不是嚇得屁滾尿流了wwwwwww,時間: Fri Oct  2 14:06:27 2020
推: 4,噓: 2,分數: 2,作者: Dodoroiscute (再想想),標題: [問卦] 美豬進口台灣，誰會去代理經銷啊？,時間: Wed Oct  7 18:44:33 2020
推: 16,噓: 2,分數: 14,作者: goldenhill (我的人權時代),標題: [新聞]「退黨證書」可線上辦 中國人紛退黨自保,時間: Wed Oct  7 20:13:46 2020
推: 25,噓: 7,分數: 18,作者: sec5566 (sec),標題: [問卦] 象棋是不是不懂戰爭的人發明的,時間: Wed Oct  7 19:33:26 2020
推: 13,噓: 5,分數: 8,作者: qk56 (休息56),標題: 欸! 教召爭議其實是因為不公平吧!,時間: Wed Oct  7 18:00:15 2020
推: 7,噓: 2,分數: 5,作者: shoga (歡迎 來自星星的Elohim),標題: [爆卦] 日本藝人結婚對東京股市的衝擊,時間: Fri Oct  2 14:50:45 2020
推: 8,噓: 0,分數: 8,作者: sodistrues (true),標題: [問卦] 為什麼日本AKB會突然力捧大盛真步？,時間: Fri Oct  2 12:21:16 2020
推: 131,噓: 14,分數: 117,作者: scum5566 (你好宅),標題: [新聞] 礦業63歲老闆再婚娶38歲妻 新娘：嫁給愛,時間: Wed Oct  7 17:06:14 2020
推: 30,噓: 5,分數: 25,作者: zxc2331189 (阿拉花瓜),標題: [新聞] 獨／國道又見機車趴趴走…連過2交流道不,時間: Wed Oct  7 16:38:34 2020
推: 25,噓: 6,分數: 19,作者: fnm525 (22/7博士後研究員),標題: [問卦] 大學私立前段是哪幾間阿？,時間: Wed Oct  7 18:34:51 2020
推: 7,噓: 2,分數: 5,作者: edwardsyo (愛德華),標題: [問卦] 中秋節大家會做愛吧,時間: Fri Oct  2 14:06:43 2020
推: 14,噓: 1,分數: 13,作者: arrenwu (拉姆真可愛),標題: [問卦] 為什麼兔田佩可拉一直在用小畫家？,時間: Wed Oct  7 19:59:29 2020
推: 11,噓: 88,分數: -77,作者: nerudaliu (Chairborne Ranger),標題: [新聞] 「不管你說什麼，我反戰！」龍應台怒批,時間: Wed Oct  7 17:53:46 2020
推: 16,噓: 1,分數: 15,作者: Masahiro (),標題: [新聞] 超愛吃肉乾！28歲女罹大腸癌　醫曝研究,時間: Fri Oct  2 12:29:44 2020
推: 4,噓: 5,分數: -1,作者: Taiwanese (臺灣人),標題: [問卦] 年收50萬在鄉下地方是什麼等級,時間: Fri Oct  2 13:43:02 2020
推: 5,噓: 2,分數: 3,作者: edrpj (非賣品),標題: [新聞] 網購3盒壯陽藥 男子差點被關10年,時間: Wed Oct  7 18:52:23 2020
推: 18,噓: 2,分數: 16,作者: thomasyu (你要戰，便來戰),標題: [新聞] 19歲男大生多次與15歲女孩上床　品行優良,時間: Wed Oct  7 16:45:50 2020
推: 9,噓: 4,分數: 5,作者: mickeykiller (黑色曼陀羅),標題: [問卦] 市容差距,時間: Wed Oct  7 16:15:35 2020
推: 7,噓: 7,分數: 0,作者: kukulee (),標題: [新聞] 辦好市多會員卡值得？過來人曝「真實經驗,時間: Fri Oct  2 11:31:35 2020
推: 8,噓: 2,分數: 6,作者: cosmite (焼き団子),標題: [問卦] 娶到銀行員是什麼感覺？,時間: Wed Oct  7 19:31:51 2020
推: 7,噓: 1,分數: 6,作者: tLuesuGi (不識庵謙信),標題: [問卦] 所以推背圖有推到川普陽性嗎,時間: Fri Oct  2 14:18:11 2020
推: 13,噓: 0,分數: 13,作者: laptic (靜夜聖林彼岸花),標題: [新聞] 夫妻冷戰10年互罵畜生、惡毒的嘴 法院認2人已恩斷義絕,時間: Fri Oct  2 14:45:01 2020
推: 17,噓: 7,分數: 10,作者: wuyiulin (機掰客家人),標題: [問卦] 撿到鴿子怎麼辦？,時間: Wed Oct  7 19:04:47 2020
推: 7,噓: 3,分數: 4,作者: ClownT (克朗),標題: [問卦] 愛莉莎莎算是PTT反串的巔峰嗎？,時間: Fri Oct  2 12:45:48 2020
推: 65,噓: 3,分數: 62,作者: despairF (オタクペンギン),標題: [問卦] 有沒有四級地震的卦？,時間: Wed Oct  7 19:20:23 2020
推: 2,噓: 0,分數: 2,作者: pkmu8426 (巴426),標題: [新聞] 開放美豬｜農委會疑濫用政策行銷費用　,時間: Wed Oct  7 17:45:25 2020
推: 6,噓: 2,分數: 4,作者: jt1801 (白白的),標題: [問卦] 閩南民系漢族的特徵是什麼？,時間: Fri Oct  2 14:38:28 2020
推: 21,噓: 5,分數: 16,作者: tn00270144 (正義),標題: [問卦] 為什麼我還沒被教召過？？？,時間: Wed Oct  7 20:38:18 2020
推: 0,噓: 0,分數: 0,作者: qazwsx0128 (*****),標題: [問卦] 美國之子捨身對抗邪惡這劇本怎麼樣,時間: Fri Oct  2 13:54:04 2020
推: 6,噓: 0,分數: 6,作者: lauwei (lauwei),標題: [問卦] 拜登如果輸了會提起選舉無效之訴嗎,時間: Fri Oct  2 13:27:14 2020
推: 37,噓: 19,分數: 18,作者: Stella289 (Stella),標題: [問卦] 除役年齡 可能要延長14年了,時間: Wed Oct  7 19:01:53 2020
推: 2,噓: 0,分數: 2,作者: Flitz (費爾),標題: [問卦] 台灣以外的中秋節 有人在烤肉嗎,時間: Fri Oct  2 13:46:54 2020
推: 26,噓: 1,分數: 25,作者: dream0821 (早餐很重要),標題: [問卦] 習近平怎摸都沒事啊,時間: Fri Oct  2 14:14:19 2020
推: 41,噓: 18,分數: 23,作者: shiwenli (別哭),標題: [新聞] 機車族不是人！ 中央擬取消人行道機車格 ,時間: Fri Oct  2 15:23:54 2020
推: 14,噓: 3,分數: 11,作者: OhwadaAkira (大和田常務),標題: [新聞] 駁陳廷寵 嚴德發：國軍現在最有戰力,時間: Wed Oct  7 17:19:57 2020
推: 11,噓: 1,分數: 10,作者: jack3254 (cozoro),標題: [問卦] 簡廷芮男友是不是很有錢？,時間: Fri Oct  2 13:58:11 2020
推: 18,噓: 1,分數: 17,作者: zft777 (誰贊成?誰反對?),標題: [問卦] 百度鎖臺灣ip是不是分裂國家？,時間: Wed Oct  7 18:10:09 2020
推: 0,噓: 0,分數: 0,作者: Killhugh (),標題: [問卦]  A date which will live in infamy,時間: Fri Oct  2 13:42:20 2020
推: 2,噓: 0,分數: 2,作者: DONNY (Donny),標題: [問卦] 有沒有給我tempo ready go 的掛,時間: Fri Oct  2 12:13:38 2020
推: 10,噓: 4,分數: 6,作者: bamama56 (bamama),標題: [新聞] 3000違建工廠僅300納管　桃園祭違建剋星,時間: Fri Oct  2 12:23:05 2020
推: 1,噓: 0,分數: 1,作者: Phoenix723 (操場旁的含羞草),標題: [問卦] 辛普森家庭的製作人？,時間: Fri Oct  2 15:17:05 2020
推: 3,噓: 1,分數: 2,作者: kone33221 (阿揪),標題: [問卦] 有沒有智力測驗的八卦？,時間: Wed Oct  7 16:25:00 2020
推: 4,噓: 0,分數: 4,作者: YU0121 (愛玉冰™),標題: [問卦] 朋友去買豪宅,時間: Fri Oct  2 11:54:47 2020
推: 19,噓: 2,分數: 17,作者: royroy666 (老鼠),標題: [問卦] 要世界大戰了嗎？,時間: Fri Oct  2 13:12:52 2020
推: 7,噓: 0,分數: 7,作者: lupin2401 (信長肛森蘭),標題: [問卦] 川普確診的時間點,時間: Fri Oct  2 15:13:34 2020
推: 2,噓: 0,分數: 2,作者: shala (沙羅是轉換後的文字檔打m),標題: [問卦] 開戰後要打多久才能讓共匪喪失戰意？,時間: Wed Oct  7 21:03:18 2020
推: 5,噓: 15,分數: -10,作者: chadmu (查德姆),標題: [新聞] 爆哭！吳宗憲現場骰子擲到這一面「小鬼真,時間: Wed Oct  7 20:04:13 2020
推: 0,噓: 0,分數: 0,作者: HIDEI524 (shuchan),標題: [問卦] 辯論會的辯論人位置是社交距離嗎？,時間: Fri Oct  2 14:34:11 2020
推: 1,噓: 0,分數: 1,作者: iwannashot (奶油會飛),標題: [問卦] 翻墮羅拳接班人,時間: Fri Oct  2 13:47:33 2020
推: 52,噓: 4,分數: 48,作者: peterlin495 (專業果粉O'_'O),標題: [新聞] 習近平思想 納入中國重點大學必修課  ,時間: Wed Oct  7 20:54:10 2020
推: 6,噓: 0,分數: 6,作者: iamshiba ((  ・ω・`),標題: [問卦] 有湯瑪士小火車真人版的卦ㄇ,時間: Wed Oct  7 18:21:58 2020
推: 8,噓: 0,分數: 8,作者: ich2 (北川石原都是我老婆),標題: [問卦] 台北人連假會去哪裡玩的八卦,時間: Fri Oct  2 14:09:00 2020
推: 11,噓: 0,分數: 11,作者: fawangching (陽光宅叔),標題: [問卦] 中國484完了,時間: Fri Oct  2 13:37:19 2020
推: 168,噓: 1,分數: 167,作者: zxc8899546 (183帥哥),標題: [協尋] 桃園交通事故，請大家幫幫忙,時間: Mon Oct  5 18:38:57 2020
推: 1,噓: 5,分數: -4,作者: astring (AString),標題: [問卦] 大蛇丸是不是也得肺炎？,時間: Fri Oct  2 14:36:16 2020
推: 216,噓: 33,分數: 183,作者: richjf (richArt),標題: [新聞] 何志偉提美豬總量管制 蔡英文不語、中常,時間: Wed Oct  7 17:53:49 2020
推: 1,噓: 2,分數: -1,作者: s910211 (我愛PTT),標題: [問卦] 發現自己對別人的悲慘無感，怎麼釋懷？,時間: Wed Oct  7 18:22:07 2020
推: 11,噓: 2,分數: 9,作者: e22103 (RRRRRRRRRRRRRRRRRRRR),標題: [新聞] 林智堅表態不選新北市長 侯友宜：好人才,時間: Fri Oct  2 15:08:18 2020
推: 6,噓: 2,分數: 4,作者: relax911 (Lmerro),標題: [新聞] 營養午餐文宣遭疑宣揚瘦肉精 教育部要求,時間: Wed Oct  7 17:48:48 2020
推: 6,噓: 1,分數: 5,作者: deurpye (WORRY),標題: [問卦] 潘瑋柏 瘦子Ozi,時間: Wed Oct  7 20:46:52 2020
推: 12,噓: 1,分數: 11,作者: ibox5566 (I盒子5566),標題: [問卦] 禮拜一台股開盤要馬上把股票賣掉嗎？,時間: Fri Oct  2 13:28:28 2020
推: 6,噓: 4,分數: 2,作者: kuro (垃圾不分藍綠),標題: [新聞] 台灣大道違停昨害死18歲女大生　扯！貨車,時間: Wed Oct  7 21:10:17 2020
推: 0,噓: 0,分數: 0,作者: nanami56 (I 佛 U),標題: [問卦] 欸幾年沒放過颱風假了？,時間: Wed Oct  7 20:21:01 2020
推: 317,噓: 26,分數: 291,作者: rpg1510 (八分之三),標題: [新聞] 國民黨推台美復交…國台辦崩潰了 江啟臣,時間: Wed Oct  7 17:58:48 2020
推: 1,噓: 0,分數: 1,作者: colorless (colorless),標題: [新聞] 美50名參議員致函川普政府 敦促展開台美BTA談判,時間: Fri Oct  2 14:31:15 2020
推: 0,噓: 0,分數: 0,作者: longtimens (阿捲),標題: [問卦] 是不是有重大事件就是ptt的價值發揮的時,時間: Fri Oct  2 13:35:39 2020
推: 3,噓: 2,分數: 1,作者: ai770116 (東方的神秘力量),標題: [問卦] 有沒有川普都不戴口罩很沒水準的八卦,時間: Fri Oct  2 13:23:28 2020
推: 4,噓: 1,分數: 3,作者: JKGOOD (Dont QQ),標題: [問卦] 為什麼有錢人愛打高爾夫,時間: Fri Oct  2 11:54:27 2020
推: 4,噓: 18,分數: -14,作者: duncan8522 (小B),標題: [新聞] 內衣女模遭硬塞　胸部驚見「異物」！闆娘,時間: Wed Oct  7 18:14:20 2020
推: 8,噓: 2,分數: 6,作者: wangyc (粒咲杏子的老公),標題: [問卦] 有沒有一姆三分咪的八卦？,時間: Fri Oct  2 13:53:12 2020
推: 12,噓: 8,分數: 4,作者: samgreco (55),標題: [問卦] 台灣人為什麼排斥當兵上戰場呢？,時間: Fri Oct  2 14:00:25 2020
推: 4,噓: 1,分數: 3,作者: YU0121 (愛玉冰™),標題: [問卦] 商圈一堆女性品牌服飾到底誰在買的？,時間: Wed Oct  7 16:46:47 2020
推: 25,噓: 4,分數: 21,作者: owo0204 (owo0204),標題: [問卦] 美國總統死於武漢肺炎的話這仇多大,時間: Fri Oct  2 15:28:46 2020
推: 6,噓: 1,分數: 5,作者: silentknight (清純男),標題: [問卦] 為什麼白石麻衣的影片出現的是白石茉莉奈,時間: Wed Oct  7 18:55:21 2020
推: 453,噓: 34,分數: 419,作者: rabbit83035 (遠野妖怪前綫),標題: [新聞] 獨家》教室冷氣跳電停機一個月 高市國小,時間: Wed Oct  7 18:24:04 2020
推: 52,噓: 12,分數: 40,作者: Ryo5566 (),標題: [新聞] 國小菜單驚見瘦肉精文宣挨轟　北市教育,時間: Wed Oct  7 19:11:57 2020
推: 7,噓: 3,分數: 4,作者: Jyery (文弟),標題: [問卦] 慟！Fighter 6停產了,時間: Wed Oct  7 16:45:50 2020
推: 7,噓: 3,分數: 4,作者: pulagu (遠離中共，遠離瘟疫！),標題: [新聞] 確診者在身邊？ 新APP將發出警告,時間: Fri Oct  2 14:12:07 2020
推: 9,噓: 1,分數: 8,作者: rfvujm (Rfvujm),標題: [問卦] 現在沒人在說很台了嗎,時間: Wed Oct  7 20:23:40 2020
推: 20,噓: 6,分數: 14,作者: HTC92 (中国台湾人的驕傲-92共識),標題: [新聞] 高雄全套店收三倍券 更自製「振興折200券,時間: Wed Oct  7 18:47:54 2020
推: 20,噓: 2,分數: 18,作者: PrinceKanto (生田絵梨花は俺の嫁),標題: [新聞] 川普夫婦確診新冠肺炎 副總統潘斯：為他,時間: Fri Oct  2 15:21:02 2020
推: 5,噓: 15,分數: -10,作者: XXXXCOW (xxxxcow),標題: [新聞] 拍妻絲襪辣腿…遭轟死變態！尪1句反擊 冉,時間: Wed Oct  7 19:03:46 2020
推: 32,噓: 2,分數: 30,作者: oz5566 (威廉。霍恩索倫),標題: [問卦] 拜登應該嚇死了吧,時間: Fri Oct  2 14:08:09 2020
推: 5,噓: 0,分數: 5,作者: reppoc (稍會),標題: [問卦] 川普推特宣布中標前會先操作股票嗎？,時間: Fri Oct  2 14:31:43 2020
推: 20,噓: 7,分數: 13,作者: ubcs (覺★青年超冒險蓋),標題: [公告] 多篇無關推噓文 水桶,時間: Wed Oct  7 17:49:04 2020
推: 11,噓: 1,分數: 10,作者: EvilisGood (Hustler),標題: [問卦] 有沒有Reddit都在慶祝川普確診的八卦,時間: Fri Oct  2 13:41:01 2020
推: 9,噓: 3,分數: 6,作者: Sandra777 (珊朵拉),標題: [問卦] 欸 在麥當勞丟垃圾 不分類的都什麼人,時間: Wed Oct  7 18:09:17 2020
推: 0,噓: 13,分數: -13,作者: bensonwood (班木),標題: [爆卦] 台彩刮刮樂的設計者的都不讀書嗎？,時間: Fri Oct  2 14:47:49 2020
推: 9,噓: 1,分數: 8,作者: LeeAnAn (就值得了愛，就值得了等),標題: [問卦] 碩士念什麼所最慘？,時間: Wed Oct  7 16:55:56 2020
推: 7,噓: 1,分數: 6,作者: orfan (當個快樂的邊緣人~),標題: [問卦] 為什麼冰淇淋紅茶是給粗吸管啊,時間: Wed Oct  7 17:07:34 2020
推: 990,噓: 66,分數: 924,作者: ubcs (覺★青年超冒險蓋),標題: [公告] 中秋連假線上烤肉兼置底聯誼閒聊區,時間: Wed Sep 30 23:45:49 2020
推: 3,噓: 2,分數: 1,作者: xzcb2008 (嘿嘿我很變態歐),標題: [問卦] =.= 有沒有賣塊公務員油土伯阿神的八卦,時間: Wed Oct  7 19:30:01 2020
推: 7,噓: 1,分數: 6,作者: ccyaztfe (best_troll_tw),標題: [問卦] 看到俯衝轟炸機衝過來的士兵在想啥？,時間: Wed Oct  7 16:28:03 2020
推: 3,噓: 0,分數: 3,作者: jason851124 (YeeeEX),標題: [問卦] 台灣情趣用品店怎麼那麼多？,時間: Wed Oct  7 21:25:53 2020
推: 3,噓: 4,分數: -1,作者: algebraic (algebraic),標題: [問卦] 學弟想面交,時間: Fri Oct  2 11:56:49 2020
推: 8,噓: 21,分數: -13,作者: jt910203 (aa),標題: [問卦] 唐綺陽預言很準的八卦,時間: Fri Oct  2 13:35:12 2020
推: 9,噓: 1,分數: 8,作者: Qoo302 (Qoo~),標題: [問卦] 有沒有什麼歌是台灣國慶應該必唱的？,時間: Fri Oct  2 13:08:50 2020
推: 33,噓: 3,分數: 30,作者: k90209 (k90209),標題: [問卦] 中共到底紀念孫中山幹嘛？,時間: Fri Oct  2 12:13:01 2020
推: 13,噓: 5,分數: 8,作者: BlueANSI (藍色),標題: [問卦] 私立大學分前後段是不是假議題？,時間: Wed Oct  7 18:53:59 2020
推: 4,噓: 1,分數: 3,作者: ryusenming ( ),標題: [問卦] 拿熟女穿一天的絲襪來尻槍是什麼感覺,時間: Wed Oct  7 20:49:08 2020
推: 4,噓: 0,分數: 4,作者: NagahamaNeru (睡睡的老公),標題: [新聞] 35隻猴子打群架　踩塌樓房壓死屋主和工人,時間: Wed Oct  7 20:36:41 2020
推: 35,噓: 7,分數: 28,作者: CHL98 (CHL),標題: [新聞] 吃完牛肉麵稱「老闆送錯了」奧客只付陽春,時間: Wed Oct  7 19:16:54 2020
推: 3,噓: 2,分數: 1,作者: you495 (哭哭),標題: [問卦] 老闆怎麼還不放蝦,時間: Fri Oct  2 14:02:33 2020
推: 85,噓: 6,分數: 79,作者: Scathach (紫色BBA),標題: [問卦] 27歲 人生終於到盡頭了,時間: Wed Oct  7 17:42:34 2020
推: 8,噓: 4,分數: 4,作者: Flitz (費爾),標題: [問卦] 一般人可以把hangten穿得很潮嗎,時間: Fri Oct  2 11:36:43 2020
推: 28,噓: 78,分數: -50,作者: vntlu (),標題: [新聞] 傳柯文哲一度想出席！國慶日退將辦「反台,時間: Wed Oct  7 17:45:40 2020
推: 6,噓: 0,分數: 6,作者: Gazooli (窩4肥宅),標題: [問卦] 烤懶較怎麼烤才好吃,時間: Fri Oct  2 13:29:39 2020
推: 1,噓: 10,分數: -9,作者: ilovebunnies (bunny),標題: [問卦] 鄉民會眼皮跳嗎,時間: Wed Oct  7 16:38:34 2020
推: 2,噓: 4,分數: -2,作者: Wardyal (pekomiko),標題: [問卦] 甚麼是快樂？,時間: Wed Oct  7 18:11:55 2020
推: 6,噓: 24,分數: -18,作者: nba887215 (方塊馬),標題: [新聞] 反駁賣台　周錫瑋：國民黨什麼時候對大,時間: Fri Oct  2 11:58:54 2020
推: 15,噓: 2,分數: 13,作者: silbermond (...),標題: [新聞] 大象絕望嚼食垃圾!攝影師跟蹤骨瘦如柴的,時間: Wed Oct  7 17:27:30 2020
推: 6,噓: 2,分數: 4,作者: Gazooli (窩4肥宅),標題: [問卦] 中秋禮金只有200怎辦,時間: Fri Oct  2 14:11:25 2020
推: 0,噓: 0,分數: 0,作者: el790124 (噓噓),標題: [問卦] 城市尋寶是個什麼樣的活動,時間: Fri Oct  2 14:37:31 2020
推: 2,噓: 15,分數: -13,作者: jasd1786 (假橡膠樹),標題: [問卦] 中秋連假第二天應該沒人會噓了吧？,時間: Fri Oct  2 14:11:32 2020
推: 8,噓: 0,分數: 8,作者: sulanpa (...),標題: [新聞] 揚言殺孩子、打斷親生女兒腿 法官准惡爸,時間: Wed Oct  7 19:35:31 2020
推: 6,噓: 5,分數: 1,作者: FuyumiIrisu (入須冬実),標題: [新聞] 每月捐薪水1%　永達保經8年捐64輛長照專車,時間: Wed Oct  7 19:10:28 2020
推: 2,噓: 0,分數: 2,作者: aquaair (aquaair),標題: [問卦] 沒塞車是不是大家改雙十才出遊啊？,時間: Fri Oct  2 11:35:29 2020
推: 0,噓: 0,分數: 0,作者: serenitymice (肥肥超越者),標題: [問卦] 你說自由就像一陣風,時間: Wed Oct  7 20:56:10 2020
推: 4,噓: 0,分數: 4,作者: r5e97nk63 (DoUNo),標題: [問卦] 拜登中標的機率？,時間: Fri Oct  2 13:35:31 2020
推: 11,噓: 0,分數: 11,作者: Pamplona (￣︶￣),標題: [問卦] 川普是高危險族群吧！,時間: Fri Oct  2 13:54:23 2020
推: 2,噓: 2,分數: 0,作者: tigotigo5566 (鐵劍5566),標題: [問卦] 羅志祥在微博慶賀雙節的八卦？,時間: Fri Oct  2 13:11:22 2020
推: 1,噓: 1,分數: 0,作者: dasuininder (硬派大叔),標題: [問卦] 肥宅的嘔吐物能賣多少？,時間: Wed Oct  7 19:16:06 2020
推: 6,噓: 5,分數: 1,作者: thejackys (肥波),標題: [問卦] 約克羊會看綿羊料理嗎,時間: Wed Oct  7 17:44:44 2020
推: 7,噓: 1,分數: 6,作者: akanishiking (arnold jackson),標題: [問卦] 有沒有芭樂特的八卦？,時間: Fri Oct  2 12:07:53 2020
推: 16,噓: 0,分數: 16,作者: LEEWY (芸兒),標題: [問卦] 現在還有人固定14天買全家人的口罩嗎,時間: Fri Oct  2 15:10:55 2020
推: 3,噓: 0,分數: 3,作者: qskingq (勾勾),標題: [問卦] 現在換成彭斯的話，中國會有多慘呢？,時間: Fri Oct  2 13:31:58 2020
推: 7,噓: 4,分數: 3,作者: F16V (んなあああああああああ),標題: [新聞] 局長遭爆料！軍情局駁斥醜聞不排除提告 ,時間: Wed Oct  7 19:42:41 2020
推: 7,噓: 1,分數: 6,作者: Qoo2222 (Qoo2222上來說是 但是缺3),標題: [問卦] 為何雪隧昨天一路暢通？？,時間: Fri Oct  2 13:40:28 2020
推: 7,噓: 2,分數: 5,作者: bob120400 (花滿樓),標題: [問卦] 小心「港版國安法」地雷,時間: Wed Oct  7 17:12:32 2020
推: 1,噓: 1,分數: 0,作者: as1885 (甲文44),標題: [問卦] 為什麼禿頭會有大鬍子？,時間: Wed Oct  7 18:28:17 2020
推: 6,噓: 1,分數: 5,作者: Starcraft3 (小藥丸),標題: [問卦] 肖戰為什麼沒有出現在中秋晚會上？,時間: Fri Oct  2 12:56:07 2020
推: 5,噓: 0,分數: 5,作者: nogood (nogood),標題: [問卦] 川普選舉花招是不是一直學台灣？,時間: Fri Oct  2 12:28:30 2020
推: 6,噓: 1,分數: 5,作者: eugene31431 (eugene31431),標題: [問卦] 該請美國爸爸來臺灣治療了吧？,時間: Fri Oct  2 14:04:28 2020
推: 7,噓: 3,分數: 4,作者: LineageM (天堂M),標題: [問卦] 隔壁女鄰居來借幾包麵？該借嗎,時間: Wed Oct  7 21:09:56 2020
推: 13,噓: 4,分數: 9,作者: YU0121 (愛玉冰™),標題: [問卦] 女生要的很簡單 到底多簡單？,時間: Wed Oct  7 17:51:03 2020
推: 7,噓: 1,分數: 6,作者: lianpig5566 (家庭教師殺手里包恩),標題: [新聞] 老翁開賓士撞上16輛汽機車 自稱「閃車才,時間: Wed Oct  7 20:50:51 2020
推: 10,噓: 1,分數: 9,作者: soulboy330 (stay the course),標題: [問卦] 古代真的有可能把城門撞開嗎？,時間: Wed Oct  7 19:11:54 2020
推: 13,噓: 4,分數: 9,作者: onepunchgg (onepunchgg),標題: [問卦] 第一次坐捷運要注意什麼,時間: Wed Oct  7 18:15:49 2020
推: 5,噓: 0,分數: 5,作者: markban (馬克白),標題: [問卦] 美國的華萊士有倒在地上哭嗎？,時間: Fri Oct  2 13:15:45 2020
推: 54,噓: 15,分數: 39,作者: Rrrxddd (有噴蛤蜊 RR),標題: [新聞] 藍營提案「台美復交」 蔡英文疑問：國民,時間: Wed Oct  7 18:17:42 2020
推: 3,噓: 1,分數: 2,作者: mlb99551155 (mlb995511),標題: [問卦] 川普體內病毒在想什麼？,時間: Fri Oct  2 13:24:46 2020
推: 26,噓: 5,分數: 21,作者: nchum102 (),標題: [問卦] 臺灣如果有顆核彈是不是中國就閉嘴了,時間: Fri Oct  2 12:58:20 2020
推: 31,噓: 10,分數: 21,作者: brokenback3 (3),標題: [問卦]中國軍機靠近台灣若被打下 他們敢開戰？,時間: Wed Oct  7 16:13:07 2020
推: 9,噓: 1,分數: 8,作者: yangzy (亞瑟),標題: [問卦] 美國總統有病被隔離時可射核彈嗎？,時間: Fri Oct  2 14:22:49 2020
推: 8,噓: 0,分數: 8,作者: happyjames1 (快樂詹姆士1號),標題: [問卦] 川普推特為什麼一堆阿姆哈拉文推文？,時間: Fri Oct  2 13:26:56 2020
推: 25,噓: 7,分數: 18,作者: ffreakk (),標題: [問卦] 隨便說三個玩過三年的遊戲,時間: Wed Oct  7 17:47:19 2020
推: 43,噓: 0,分數: 43,作者: EvilisGood (Hustler),標題: [爆卦] 幕僚確診後 川普跑去參加餐會,時間: Fri Oct  2 14:45:14 2020
推: 3,噓: 1,分數: 2,作者: linhu8883324 (SirLinhu),標題: [新聞] 勤洗手防疫台北市每人每日家庭用水量創10,時間: Wed Oct  7 19:41:19 2020
推: 1,噓: 2,分數: -1,作者: Nemowei (fsn9665),標題: [問卦] 還有什麼新聞可看啊,時間: Fri Oct  2 14:14:06 2020
推: 12,噓: 0,分數: 12,作者: cmelo1515 (瓜農),標題: [問卦] 滿手台積電的還吃得下烤肉嗎？,時間: Fri Oct  2 13:12:51 2020
推: 8,噓: 1,分數: 7,作者: pl132 (pl132),標題: [新聞]解放軍何時會攻打台灣沈富雄預測：起碼還要30年,時間: Fri Oct  2 15:01:07 2020
推: 4,噓: 5,分數: -1,作者: Pamplona (￣︶￣),標題: [問卦] 美國人會怎麼跟中國算帳？,時間: Fri Oct  2 13:41:17 2020
推: 14,噓: 6,分數: 8,作者: AsllaPiscu (阿斯拉),標題: [問卦] 今天為什麼要降半旗,時間: Wed Oct  7 17:19:12 2020
推: 6,噓: 0,分數: 6,作者: Audien (Audien),標題: [問卦] 為啥川普確診一堆人po限時動態？,時間: Fri Oct  2 15:35:18 2020
推: 4,噓: 0,分數: 4,作者: LoveMakeLove (ボケ),標題: [問卦] 五星旗現在哪裡可以買？,時間: Fri Oct  2 15:30:36 2020
推: 5,噓: 1,分數: 4,作者: aivxg (家裡窮西索XD),標題: [問卦] 有沒有後XX的八卦？,時間: Wed Oct  7 20:00:14 2020
推: 12,噓: 5,分數: 7,作者: gay7788 (卡稱之神=卡神),標題: [問卦] 慟！中秋連烤4天肉，到現在還沒拉屎！,時間: Wed Oct  7 16:57:31 2020
推: 2,噓: 5,分數: -3,作者: spartaucs896 (夢醒十分),標題: [問卦] 亞美尼亞女現在願意嫁給台男嗎,時間: Fri Oct  2 15:33:06 2020
推: 27,噓: 2,分數: 25,作者: jiouje (JioUje),標題: [問卦] 中共小粉紅很想跟美國打戰啊？,時間: Fri Oct  2 13:59:14 2020
推: 3,噓: 0,分數: 3,作者: humbler (獸人H),標題: [問卦] 胡天蘭吃到美豬會說什麼？,時間: Wed Oct  7 17:58:11 2020
推: 3,噓: 2,分數: 1,作者: coga4712 (海森堡),標題: [問卦] 為什麼勁舞團當年會很多人玩,時間: Fri Oct  2 11:40:37 2020
推: 359,噓: 11,分數: 348,作者: polanco (polanco),標題: [新聞] 美國總統川普與第一夫人梅蘭妮亞新冠肺,時間: Fri Oct  2 13:11:38 2020
推: 24,噓: 18,分數: 6,"作者: ots625 (歐踢Sk蓴    ,噤>鐝ud  巽r)",標題: [問卦] 咱們817覺青不怕打仗,時間: Wed Oct  7 17:11:00 2020
推: 11,噓: 0,分數: 11,作者: missingkid (),標題: [問卦] 30歲前年收300萬的人生活是什麼樣子,時間: Wed Oct  7 18:20:12 2020
推: 4,噓: 1,分數: 3,作者: ambitious (Andrew),標題: [問卦] 等下班的垃圾時間可以幹嘛,時間: Wed Oct  7 17:01:07 2020
推: 1,噓: 1,分數: 0,作者: en5151 (asenen),標題: [問卦] 如果立法院拍youtobe開頻道有搞頭嗎？,時間: Wed Oct  7 21:07:32 2020
推: 13,噓: 4,分數: 9,作者: Yolosnow (生活很無聊),標題: [問卦] 有大腸鏡跟胃鏡都做過的鄉民嗎？,時間: Fri Oct  2 12:35:55 2020
推: 2,噓: 0,分數: 2,作者: sushi11 (偶像可以亂摸嗎peko),標題: [問卦] 為什麼不讓機車在內車道,時間: Wed Oct  7 20:56:35 2020
推: 5,噓: 1,分數: 4,作者: markban (馬克白),標題: [問卦] 川普跟拜登可能進入四人賭命賽？,時間: Fri Oct  2 11:52:59 2020
推: 6,噓: 16,分數: -10,作者: ssss0960193 (愛莉莎莎後援會楓谷部長),標題: [問卦] 愛莉莎莎仙氣側臉，網驚呼：臺灣IU,時間: Wed Oct  7 20:06:12 2020
推: 62,噓: 2,分數: 60,作者: chucky (衛藤x白石x橋本),標題: [新聞] 快訊／川普夫婦確診新冠肺炎 即刻開始隔,時間: Fri Oct  2 13:24:11 2020
推: 7,噓: 5,分數: 2,作者: AlphaPTT (阿爾法+PTT),標題: [問卦] iPhone的記憶體會不會少得可憐啊,時間: Wed Oct  7 20:23:27 2020
推: 1,噓: 1,分數: 0,作者: ryhma (hmä),標題: [問卦] 妳的網誌成了我秘密基地,時間: Fri Oct  2 13:36:13 2020
推: 10,噓: 3,分數: 7,作者: liuyihui (臺北然也),標題: [問卦] 我的經歷是中國社會的縮影嗎？,時間: Wed Oct  7 18:54:54 2020
推: 19,噓: 4,分數: 15,作者: silentknight (清純男),標題: [新聞] 熱戀ing衝公廁纏綿！男大生慘挨告　12歲,時間: Wed Oct  7 18:02:36 2020
推: 10,噓: 1,分數: 9,作者: barucher (芭樂),標題: [問卦] 請問有沒有防貓貓搶飯的方法,時間: Fri Oct  2 13:09:20 2020
推: 1,噓: 1,分數: 0,作者: edge112233 (忍者龜頭痛),標題: [問卦] 美式豬肋排要用美豬還是台豬啊？,時間: Fri Oct  2 12:16:37 2020
推: 2,噓: 1,分數: 1,作者: EricTCartman (阿ㄆㄧㄚˇ),標題: [問卦] 哪個地區的麻將最智障？哪個最講技術？,時間: Fri Oct  2 11:57:21 2020
推: 11,噓: 7,分數: 4,作者: qazxsw123 (小新),標題: [問卦] 融資是什麼意思阿,時間: Wed Oct  7 20:19:17 2020
推: 9,噓: 11,分數: -2,作者: googolplex (googolplex),標題: [爆卦] 最新美國6大搖擺州民調 川普選情持續穩定,時間: Wed Oct  7 16:57:38 2020
推: 8,噓: 0,分數: 8,作者: sysop5566 (馬丁路德),標題: [問卦] 四大科缺人 是哪四大？,時間: Fri Oct  2 11:47:03 2020
推: 6,噓: 0,分數: 6,作者: Tsuzichen (Zoo),標題: [問卦] 孤單的朋友看到烤肉動態要來參加 怎辦,時間: Fri Oct  2 12:17:04 2020
推: 10,噓: 3,分數: 7,作者: gentleman888 (),標題: [問卦] 女生都怎麼玩肥宅的雞雞？☺☺☺,時間: Fri Oct  2 14:18:29 2020
推: 12,噓: 2,分數: 10,作者: tw2000 (天滅中共),標題: [新聞] 機車路考沒過！他「誇張180度大擺頭」網,時間: Wed Oct  7 19:11:01 2020
推: 2,噓: 0,分數: 2,作者: mvpdirk712 (Lumia 5566),標題: [問卦] 所以匝道上國五大概要塞多久啊？,時間: Fri Oct  2 13:07:42 2020
推: 3,噓: 1,分數: 2,作者: CATpc (JIA),標題: [問卦] 中獎反而更賭爛？？？,時間: Wed Oct  7 18:02:13 2020
推: 3,噓: 1,分數: 2,作者: catrush (貓兒衝鋒),標題: [問卦] 健身房教練好賺嗎？,時間: Fri Oct  2 15:05:14 2020
推: 19,噓: 4,分數: 15,作者: AllBlack (All Black),標題: [問卦] 台灣的房子那麼醜，建築師要負一半責任吧,時間: Wed Oct  7 16:57:23 2020
推: 0,噓: 4,分數: -4,作者: cowboyas0413 (RAID0一時爽 資料火葬場),標題: [問卦] 對不起我騙了妳,時間: Wed Oct  7 21:25:42 2020
推: 11,噓: 7,分數: 4,作者: Elsie1999 (艾兒),標題: [問卦] 富堅有沒有考慮畫完獵人,時間: Wed Oct  7 18:26:41 2020
推: 5,噓: 3,分數: 2,作者: chadmu (查德姆),標題: [問卦] 南港為什麼在北部,時間: Wed Oct  7 20:36:39 2020
推: 7,噓: 4,分數: 3,作者: yogurt0313 (愛草莓),標題: [問卦] 演化後為什麼要一公一母才可以繁衍,時間: Wed Oct  7 17:30:38 2020
推: 1,噓: 2,分數: -1,作者: LoveMakeLove (ボケ),標題: [問卦] 乾脆抓監獄重刑犯和8+9充軍不就好了？,時間: Wed Oct  7 21:09:46 2020
推: 15,噓: 0,分數: 15,作者: chienyu2001 (花開花落自有時),標題: [問卦] 川普推特留言發生什麼事？,時間: Fri Oct  2 13:40:46 2020
推: 11,噓: 0,分數: 11,作者: polomax (阿do),標題: [協尋] 台北市內湖區樂群二路265巷路口 行車紀錄,時間: Sun Oct  4 18:42:55 2020
推: 3,噓: 1,分數: 2,作者: Julian9x9x9 (Lets Get It On～),標題: [問卦] 如果我川跟拜登都中標美國要怎麼辦？,時間: Fri Oct  2 13:10:05 2020
推: 14,噓: 0,分數: 14,作者: subcrew (Working Below The Hype),標題: [問卦] 高爾夫球跟賽車誰更無聊,時間: Fri Oct  2 14:50:22 2020
推: 5,噓: 0,分數: 5,作者: CurryMvp (^______^),標題: [問卦] 川普防疫能力是不是蠻猛的啊？,時間: Fri Oct  2 13:44:28 2020
推: 2,噓: 0,分數: 2,作者: opfish (coco),標題: [問卦] 吳剛是不是隔壁老王,時間: Fri Oct  2 11:56:23 2020
推: 9,噓: 0,分數: 9,作者: BIA (必亞),標題: [問卦] 我川不是有天天吃奎寧？,時間: Fri Oct  2 15:01:22 2020
推: 66,噓: 1,分數: 65,作者: derekhsu (華麗的天下無雙),標題: [爆卦] [疫情] 全球死亡創紀錄 爆出巨量阿根廷,時間: Fri Oct  2 12:41:56 2020
推: 1,噓: 2,分數: -1,作者: TtTt4 (夜間飛行),標題: [問卦] 梅子綠有推薦的嗎,時間: Wed Oct  7 20:04:20 2020
推: 1,噓: 0,分數: 1,作者: SilentestLam (SilentestLamb),標題: [問卦] 教授484不喜歡待在學校？,時間: Fri Oct  2 15:06:10 2020
推: 11,噓: 13,分數: -2,作者: ToHsiang (誤上賊船),標題: [新聞] 蘇貞昌不容許陳同佳自由來台 港議員：投案,時間: Wed Oct  7 19:00:41 2020
推: 5,噓: 7,分數: -2,作者: botnet (殭屍網路),標題: [問卦] 有沒有台北火車站的八卦,時間: Wed Oct  7 19:16:52 2020
推: 16,噓: 13,分數: 3,作者: lovea (lovea),標題: [新聞] 豬農百億基金規劃出爐！ 陳吉仲︰46億升,時間: Wed Oct  7 18:16:40 2020
推: 2,噓: 0,分數: 2,作者: toomtoom (monteport),標題: [問卦] 教授問我主流文化的特點,時間: Wed Oct  7 20:50:43 2020
推: 0,噓: 3,分數: -3,作者: thumbsptt (山拇指),標題: [問卦] 大家住的地方多久一次會抽水肥,時間: Wed Oct  7 20:40:18 2020
推: 10,噓: 4,分數: 6,作者: Matz (イラマチオ研究員),標題: [新聞] 聖約翰遭控欠薪 校方：教師不願商議,時間: Wed Oct  7 18:01:22 2020
推: 10,噓: 7,分數: 3,作者: s5869157 (肥皂泡的世界),標題: [問卦] 年薪140萬  台北市買房可以買哪裡,時間: Wed Oct  7 17:43:19 2020
推: 22,噓: 3,分數: 19,作者: MrFly (MrFly),標題: [問卦] 這波如果在台灣 候選人會怎麼操作,時間: Fri Oct  2 14:19:38 2020
推: 4,噓: 3,分數: 1,作者: purue (purue),標題: [問卦] 台灣還有哪些景點有救,時間: Wed Oct  7 17:14:15 2020
推: 2,噓: 1,分數: 1,作者: n123456n (米修),標題: [問卦] 古墓奇兵2018有無拍續集的卦,時間: Fri Oct  2 11:59:56 2020
推: 8,噓: 3,分數: 5,作者: yamakazi (大安吳彥祖),標題: [問卦] 買雙螢幕還是寬曲面螢幕？,時間: Wed Oct  7 19:07:28 2020
推: 1,噓: 1,分數: 0,作者: johanLarson (Rent),標題: [問卦] 這算中國暗殺成功嗎？,時間: Fri Oct  2 13:48:29 2020
推: 92,噓: 5,分數: 87,作者: f17690815 (我恨陣頭),標題: [問卦] 拜登現在在想什麼,時間: Fri Oct  2 13:18:30 2020
推: 11,噓: 1,分數: 10,作者: westdoorcard (West),標題: [問卦] 幹！有白目機車騎在禁行機車上,時間: Wed Oct  7 18:41:12 2020
推: 10,噓: 9,分數: 1,作者: gn116187 (NGT),標題: [問卦] 「八卦板五毛」會不會是空氣稻草人,時間: Wed Oct  7 17:36:41 2020
推: 7,噓: 1,分數: 6,作者: qsxwdc (Moo),標題: [問卦] 瘋狂十月開始了嗎？,時間: Fri Oct  2 13:42:19 2020
推: 5,噓: 7,分數: -2,作者: ATTwo (咖哩給Gay),標題: [問卦] 為啥電動車還不能自動充電？,時間: Wed Oct  7 16:28:30 2020
推: 9,噓: 2,分數: 7,作者: a88241050 (再回頭已是百殘身),標題: [問卦] 認真問，長痔瘡怎麼辦..,時間: Fri Oct  2 12:47:13 2020
推: 20,噓: 1,分數: 19,作者: qazxc1156892 (QQ),標題: [新聞] 35隻猴子打群架 踩塌樓房壓死屋主和工人,時間: Wed Oct  7 20:31:48 2020
推: 28,噓: 7,分數: 21,作者: Yamamoto5566 (大日本帝國．山本56),標題: [問卦] 魚的台語,時間: Fri Oct  2 12:26:27 2020
推: 5,噓: 5,分數: 0,作者: ai770116 (東方的神秘力量),標題: [問卦] 川普超沒水準都不戴口罩PTT還挺川普？,時間: Wed Oct  7 21:25:21 2020
推: 6,噓: 7,分數: -1,作者: oftisa (oo),標題: [問卦] 國家太空中心是不是騙錢用的？,時間: Fri Oct  2 14:39:19 2020
推: 0,噓: 0,分數: 0,作者: llgod (Wryyyyyyyy),標題: [問卦] 噁茫啊斯是不是超好玩超心機,時間: Wed Oct  7 21:27:58 2020
推: 6,噓: 0,分數: 6,作者: Triceratops (Jurassic),標題: [新聞] 川普下令解密通俄門調查所有文檔,時間: Wed Oct  7 19:14:05 2020
推: 14,噓: 2,分數: 12,作者: botnet (殭屍網路),標題: [問卦] 核彈投中國哪，台灣才不會被波及？,時間: Fri Oct  2 15:03:55 2020
推: 21,噓: 3,分數: 18,作者: WuDunE (GLAUCUS),標題: [問卦] 正妹香味從哪來的,時間: Wed Oct  7 18:04:29 2020
推: 1,噓: 0,分數: 1,作者: z041l31l3 (z041l31l3),標題: [新聞] WTO上修2020世界貿易量，回復至減少9%,時間: Wed Oct  7 16:37:55 2020
推: 2,噓: 0,分數: 2,作者: Dinenger (低能兒),標題: [問卦] 根本就是以前太多智障用路人吧？,時間: Fri Oct  2 13:46:52 2020
推: 7,噓: 1,分數: 6,作者: MeowDeLay (喵的勒),標題: [新聞] 營養午餐文宣挨批宣傳美豬 教部：食農教,時間: Wed Oct  7 20:34:21 2020
推: 0,噓: 0,分數: 0,作者: kaiting00 (),標題: [問卦] 支那的生化戰是不是成功了？,時間: Fri Oct  2 13:26:10 2020
推: 8,噓: 3,分數: 5,作者: HomeTogether (人在歸途),標題: [新聞] 蓬佩奧：若中共攻台 美軍不會袖手旁觀,時間: Wed Oct  7 20:36:19 2020
推: 13,噓: 0,分數: 13,作者: david0426 (軒軒寶貝),標題: [問卦] 習近平會怎麼回應關於川普中標這件事,時間: Fri Oct  2 13:43:12 2020
推: 14,噓: 4,分數: 10,作者: soi1dsnake (索立德史捏克),標題: [新聞] 8歲時遭性侵身心受創 15年後打開心結將狼,時間: Wed Oct  7 20:12:24 2020
推: 7,噓: 6,分數: 1,作者: cimo764 (蘋果西打),標題: [新聞] 「準備」選國民黨主席 周錫瑋：與韓國瑜,時間: Fri Oct  2 13:47:57 2020
推: 6,噓: 1,分數: 5,作者: gaexp256016 (gaexp256016),標題: [問卦] 支那維尼,時間: Fri Oct  2 14:07:55 2020
推: 21,噓: 7,分數: 14,作者: taker627 (你馬英九嗎?),標題: [問卦] 有些地方坐高鐵是不是沒有比較快啊,時間: Wed Oct  7 17:04:14 2020
推: 8,噓: 5,分數: 3,作者: star07 (),標題: [問卦] 如果臺灣有一個航母戰鬥群,時間: Fri Oct  2 15:01:24 2020
推: 8,噓: 3,分數: 5,作者: genheit (genheit),標題: [問卦] 當時蜀國怎麼不南下取緬甸、泰國？,時間: Wed Oct  7 21:07:10 2020
推: 1,噓: 2,分數: -1,作者: s910408 (真姬俺の嫁),標題: [問卦] 跟網友見面是直銷的八卦,時間: Fri Oct  2 13:44:52 2020
推: 5,噓: 3,分數: 2,作者: k44754 (9527),標題: [新聞] 藍委提修社維法 毒駕、酒駕致死傷拘留3,時間: Wed Oct  7 20:56:52 2020
推: 2,噓: 2,分數: 0,作者: Kitakami (公主連結特約工讀生),標題: [問卦] 肥宅會假裝自己有去烤肉嗎？,時間: Fri Oct  2 12:12:12 2020
推: 22,噓: 5,分數: 17,作者: LastDinosaur (LastDino),標題: [問卦] 梁社漢好吃在哪,時間: Wed Oct  7 19:31:56 2020
推: 5,噓: 0,分數: 5,作者: jedfjeff8673 (哈囉),標題: [問卦] 現在是進場美股的時機嗎,時間: Fri Oct  2 14:01:24 2020
推: 0,噓: 0,分數: 0,作者: james7923 (詹姆士Q),標題: [問卦] 我~與 各位共清歡  我~笑 眾人看不穿 ,時間: Fri Oct  2 14:17:17 2020
推: 0,噓: 1,分數: -1,作者: zxcv820421 (水原千鶴我老婆),標題: [問卦] 每天都要聽一次守望傳說廣告？,時間: Wed Oct  7 16:36:41 2020
推: 3,噓: 1,分數: 2,作者: johnny9667 (大八),標題: [問卦] 台灣人工時高於韓國但年均卻低於韓,時間: Fri Oct  2 13:22:03 2020
推: 3,噓: 1,分數: 2,作者: belucky (),標題: [問卦] 為何有些蚊子寧可被打死也要吸血,時間: Wed Oct  7 16:42:07 2020
推: 11,噓: 5,分數: 6,作者: ezJapan (Japan),標題: [新聞] 蝦腳抱一排「橘色顆粒」 內行驚曝：吃完秒睡醫院,時間: Wed Oct  7 20:45:05 2020
推: 3,噓: 0,分數: 3,作者: Brown1010 (0W0),標題: [問卦] 美股是不是要爆漲了？,時間: Fri Oct  2 14:48:23 2020
推: 6,噓: 7,分數: -1,作者: zzyyxx77 (討噓大師77),標題: [問卦] 為什要吃保健食品？,時間: Wed Oct  7 17:33:24 2020
推: 3,噓: 1,分數: 2,作者: a12141623 (舔舔老二再泡泡茶),標題: [問卦] 歐美人不認真封城是不是智障？,時間: Fri Oct  2 11:44:47 2020
推: 6,噓: 2,分數: 4,作者: a9606093 (呢喃貓),標題: [新聞] 美眾議員提案：指定中共為跨國犯罪組織,時間: Fri Oct  2 12:01:55 2020
推: 32,噓: 0,分數: 32,作者: q0975190339 (chang751),標題: [問卦] 在田裡撿到刺蝟，該怎麼處置,時間: Fri Oct  2 13:27:01 2020
推: 11,噓: 0,分數: 11,作者: sodistrues (true),標題: [問卦]乃木坂有可能像AKB一樣 讓10世代接班嗎？,時間: Wed Oct  7 20:20:03 2020
推: 6,噓: 13,分數: -7,作者: rasiel0919 (小弟弟),標題: [問卦] 你各位啊，老實說被統一又如何,時間: Fri Oct  2 13:24:37 2020
推: 4,噓: 0,分數: 4,作者: Gary5566 (等我長大要娶天音かなた),標題: [問卦] 星街彗星的老公都給我進來,時間: Fri Oct  2 12:17:55 2020
推: 0,噓: 0,分數: 0,作者: AV5566 (射即是空),標題: [問卦] 有沒有高雄冠軍哥的八卦？,時間: Fri Oct  2 15:08:55 2020
推: 3,噓: 0,分數: 3,作者: justin777 (JUSTIN),標題: [新聞] 民團盼比照短期商務客模式 讓跨國伴侶有,時間: Wed Oct  7 16:58:37 2020
推: 26,噓: 8,分數: 18,作者: yank0612 (魯宅),標題: [問卦] 川普中鏢 支那現在很爽嗎,時間: Fri Oct  2 13:48:02 2020
推: 5,噓: 2,分數: 3,作者: somanyee (Soman),標題: [問卦] 各位每天用最久的app是哪個？,時間: Fri Oct  2 12:16:42 2020
推: 5,噓: 3,分數: 2,作者: zoriyah (\^O^/BA),標題: [問卦] 不買星巴克可以去星巴克裡面坐著嗎？,時間: Wed Oct  7 18:41:21 2020
推: 24,噓: 10,分數: 14,作者: chiafann (NAZZZ),標題: [問卦] 你覺得罰歐陽娜娜50萬合理嗎？,時間: Fri Oct  2 11:41:22 2020
推: 3,噓: 2,分數: 1,作者: Giddcns (狠、插、勁！！！),標題: [問卦] 美國人484很懂談判？,時間: Wed Oct  7 20:15:50 2020
推: 1,噓: 4,分數: -3,作者: ILoveMegumin (白上吹雪的刻印蟲),標題: [問卦] 日本的鐵路比台灣進步很多,時間: Wed Oct  7 21:21:20 2020
推: 46,噓: 3,分數: 43,作者: qazsedcft (自由羊),標題: [新聞] 高加索血戰破百死：亞美尼亞禁止役齡男,時間: Fri Oct  2 12:15:30 2020
推: 11,噓: 3,分數: 8,作者: ME13 (小鳥),標題: [問卦] 有喜歡吃大蒜泥的嬰幼兒嗎,時間: Wed Oct  7 18:44:49 2020
推: 1,噓: 4,分數: -3,作者: eierom (非),標題: [問卦] 川普中標是中共幹的吧？,時間: Fri Oct  2 13:27:14 2020
推: 13,噓: 0,分數: 13,作者: Scathach (紫色BBA),標題: [問卦] 川普和拜登都死於肺炎會怎樣,時間: Fri Oct  2 13:38:12 2020
推: 16,噓: 2,分數: 14,作者: NccuShuai (政帥),"標題: [問卦] 寫個""純"" 是什麼意思",時間: Wed Oct  7 19:20:15 2020
推: 17,噓: 55,分數: -38,作者: googolplex (googolplex),標題: [爆卦] 中國新的實驗性疫苗證實安全有效,時間: Wed Oct  7 19:16:47 2020
推: 5,噓: 2,分數: 3,作者: HappyDiD (開心的動一動),標題: [問卦] 保健食品怎麼挑啊？,時間: Wed Oct  7 17:22:53 2020
推: 7,噓: 1,分數: 6,作者: ann141414 (海底撈火鍋),標題: [問卦] 會去打工換宿的人腦中都在想甚麼阿,時間: Wed Oct  7 16:38:03 2020
推: 4,噓: 4,分數: 0,作者: iamhyaline (也太好了吧),標題: [問卦] 血溶性貧血到底要禁鐵還是補充鐵,時間: Fri Oct  2 14:46:53 2020
推: 12,噓: 1,分數: 11,作者: chia0220 (憨魚一號),標題: [問卦] 南投有人聽過阿霞蛋捲ㄇ,時間: Fri Oct  2 15:11:11 2020
推: 8,噓: 10,分數: -2,作者: rocephin (Roce),標題: [問卦] 一堆台大法律系的 卻處理不了歐陽娜娜？,時間: Fri Oct  2 12:30:43 2020
推: 2,噓: 1,分數: 1,作者: thewtf (濱邊美波我老婆),標題: [問卦] 你不是怪物 別害怕 誰來欺負,時間: Wed Oct  7 20:47:04 2020
推: 2,噓: 11,分數: -9,作者: daria1217 (yuki),標題: [問卦] 下午茶這樣100塊？,時間: Wed Oct  7 16:26:51 2020
推: 12,噓: 1,分數: 11,作者: XXXXHAY (過氣ID),標題: [問卦] 真的有人幹過羊嗎,時間: Wed Oct  7 19:42:42 2020
推: 4,噓: 1,分數: 3,作者: gs056119 (Eggtart),標題: [問卦] 醬油為什麼要用碟子啊,時間: Wed Oct  7 17:53:35 2020
推: 5,噓: 1,分數: 4,作者: IOP14759 (iop14759),標題: [問卦] 為啥總有人以為交通亂很重要？,時間: Wed Oct  7 18:11:21 2020
推: 6,噓: 8,分數: -2,作者: LAPDSWAT456 (胖達稱霸地球),標題: [問卦] 戰爭時期殘忍殺害統畜會犯法嗎？,時間: Fri Oct  2 12:06:39 2020
推: 15,噓: 5,分數: 10,作者: masterbation (貝森大師),標題: [問卦] 川普的票倉其實在台灣吧？,時間: Fri Oct  2 11:50:58 2020
推: 1,噓: 1,分數: 0,作者: deeeplove (想不到ID),標題: [問卦] 朋友這盒太陽餅是什麼意思,時間: Fri Oct  2 15:23:20 2020
推: 0,噓: 5,分數: -5,作者: Metallicat (金屬製貓),標題: [問卦] 有美國小鬼(黃鴻升)-范海倫的八卦嗎,時間: Wed Oct  7 19:00:33 2020
推: 10,噓: 9,分數: 1,作者: cheerbu (buchi),標題: [新聞] 遭柯文哲批「說謊」 王世堅反嗆：liar憑,時間: Wed Oct  7 21:11:56 2020
推: 7,噓: 0,分數: 7,作者: chen740530 (chen740530),標題: [問卦] 川普被隔離 會視訊跟拜登辯論嗎？,時間: Fri Oct  2 13:38:15 2020
推: 11,噓: 2,分數: 9,作者: chen740530 (chen740530),標題: [問卦] 太守丁原為何敢偷襲董卓駐守洛陽的西涼兵,時間: Wed Oct  7 17:00:14 2020
推: 7,噓: 0,分數: 7,作者: x851221 (SuperDog),標題: [問卦] 為什麼海洋生物吃魚不怕魚刺,時間: Fri Oct  2 13:38:32 2020
推: 6,噓: 1,分數: 5,作者: ann141414 (海底撈火鍋),標題: [問卦] 拜登是不是也要下去了阿,時間: Fri Oct  2 13:31:36 2020
推: 2,噓: 0,分數: 2,作者: z0953781935 (妹妹罵我是肥豬>///<),標題: [問卦] 為啥墨西哥在美國旁邊還那麼窮啊？,時間: Fri Oct  2 13:08:10 2020
推: 18,噓: 1,分數: 17,作者: Conan5566 (連續殺人),標題: [問卦] 強生會對川普說什麼？,時間: Fri Oct  2 13:33:02 2020
推: 11,噓: 1,分數: 10,作者: heavenlyken (銀狐),標題: [問卦] 為什麼日本超商很多外國店員但台灣沒有？,時間: Wed Oct  7 21:03:54 2020
推: 20,噓: 6,分數: 14,作者: iou861007 (中壢金城武),標題: [問卦] 部隊的食物很難吃怎麼辦？,時間: Wed Oct  7 19:49:54 2020
推: 17,噓: 2,分數: 15,作者: irita123 (笑容很重要~),標題: [新聞] 北市東湖國小後方變電箱爆炸 民宅停電所,時間: Wed Oct  7 19:47:42 2020
推: 0,噓: 0,分數: 0,作者: melissalewis (龍使弗利茲),標題: [問卦] 美國現在會跪還是脆了？,時間: Fri Oct  2 13:27:25 2020
推: 8,噓: 4,分數: 4,作者: lauwei (lauwei),標題: [問卦] 台南的50嵐也太少了吧？？,時間: Fri Oct  2 12:53:59 2020
推: 36,噓: 1,分數: 35,作者: b10485762000 (台北寂寞部屋),標題: [新聞] 魔音洗腦！美獄警逼受刑人聽2小時「Baby,時間: Wed Oct  7 21:12:38 2020
推: 0,噓: 0,分數: 0,作者: B0858B (),標題: [新聞] 吉普車撞機車後逃逸 歐吉桑騎機車勇追5公,時間: Fri Oct  2 13:35:52 2020
推: 18,噓: 1,分數: 17,作者: vikk33 (vikk33),標題: [爆卦] 川普中標韓國反應,時間: Fri Oct  2 14:31:24 2020
推: 21,噓: 5,分數: 16,作者: footart (reminiscence),標題: [問卦] 人類到底有沒有登陸月球過,時間: Fri Oct  2 14:26:55 2020
推: 52,噓: 22,分數: 30,作者: uei1201 (新八),標題: [問卦] 被UBER EAT嗆不要送上樓怎麼辦,時間: Fri Oct  2 12:05:42 2020
推: 0,噓: 0,分數: 0,作者: norgthas (norgthas),標題: [問卦]關於適應極端氣候的問題 醫森醫學系生請進,時間: Wed Oct  7 21:32:04 2020
推: 3,噓: 1,分數: 2,作者: zakijudelo (Zack),標題: [問卦] 中共侵台，台灣黑道會是潛在內奸？,時間: Fri Oct  2 12:22:32 2020
推: 5,噓: 1,分數: 4,作者: tony77998 (偷尼柒柒玖玖捌),標題: [新聞] 與女友吵架竟放火燒她家 警調監視器揪出,時間: Wed Oct  7 20:24:53 2020
推: 15,噓: 3,分數: 12,作者: Lucky0105 (洋),標題: [問卦] baby shark為什麼能67億點閱率？,時間: Wed Oct  7 17:52:43 2020
推: 2,噓: 0,分數: 2,作者: hstf (馬刺贏球就是爽\⊙▽⊙/),標題: [問卦] 以後飛彈是不是改用病毒就好,時間: Fri Oct  2 14:37:36 2020
推: 8,噓: 2,分數: 6,作者: yhltyy (大堡礁),標題: [問卦] 無事不登三寶殿 是哪三寶,時間: Wed Oct  7 21:07:53 2020
推: 1,噓: 0,分數: 1,作者: wakaura (wakaura),標題: [問卦] 單身宅適合加入烏伯外送的月費方案嗎？,時間: Fri Oct  2 14:52:48 2020
推: 2,噓: 0,分數: 2,作者: scum5566 (你好宅),標題: [新聞] 俄羅斯也嚴查中國竊密 俄國科學家被捕面,時間: Fri Oct  2 14:43:53 2020
推: 1,噓: 3,分數: -2,作者: bebehome (bebehome),標題: [問卦] 徵兵如果改這樣會不會一堆人簽？,時間: Wed Oct  7 18:44:01 2020
推: 6,噓: 1,分數: 5,作者: p5360708 (),標題: [新聞] 真．海底撈機車！安全帽、輪框「全面鏽,時間: Fri Oct  2 13:50:23 2020
推: 3,噓: 0,分數: 3,作者: DamnKobe (KoberInNTHU),標題: [問卦] 現在歌頌習近平來得及嗎,時間: Fri Oct  2 13:05:49 2020
推: 32,噓: 14,分數: 18,作者: autoimmune (..),標題: [新聞] 藍喊台美復交 陳柏惟：可跟中國建交,時間: Wed Oct  7 21:23:38 2020
推: 12,噓: 3,分數: 9,作者: Aloee (柯粉),標題: [問卦] 黑人祖宗為何走到亞洲屌就變小了,時間: Wed Oct  7 18:49:16 2020
推: 13,噓: 0,分數: 13,作者: jiouje (JioUje),標題: [問卦] 911事件、川普死於武肺 那個比較嚴重？,時間: Fri Oct  2 13:07:56 2020
推: 13,噓: 2,分數: 11,作者: HyperPoro (TomorrowIsInYourHands),標題: [問卦] 南韓人均GDP今年會跌破3萬鎂？,時間: Wed Oct  7 16:58:14 2020
推: 4,噓: 1,分數: 3,作者: ayaneoshi (小坂菜緒は俺の嫁),標題: [問卦] 夜よ 僕に歌わせるなよ,時間: Wed Oct  7 20:52:58 2020
推: 8,噓: 7,分數: 1,作者: emperor (派蘿派蘿得第一),標題: [新聞] 女兵好悍！ 5字經怒嗆長官遭判罰1萬元,時間: Wed Oct  7 16:58:08 2020
推: 2,噓: 1,分數: 1,作者: iecju520 (哎依喜德魯),標題: [問卦] 這次武統新聞要掩蓋什麼,時間: Wed Oct  7 20:12:37 2020
推: 10,噓: 1,分數: 9,作者: kikiki37 (441),標題: [問卦] 冷氣一個人吹和兩個人吹電費有差嗎？,時間: Fri Oct  2 14:12:47 2020
推: 4,噓: 3,分數: 1,作者: xampp (xampp),標題: [問卦] 拜登超穩的吧,時間: Fri Oct  2 13:53:12 2020
推: 44,噓: 7,分數: 37,作者: pillliq (o皿o),標題: [新聞] 股市老師line揪團報明牌　3天崩盤16萬賠,時間: Fri Oct  2 11:42:09 2020
推: 5,噓: 5,分數: 0,作者: limoncool (中国共产党杀光台独贱畜),標題: [問卦] 現在是不是血洗台灣最佳時機,時間: Fri Oct  2 13:24:04 2020
推: 3,噓: 1,分數: 2,作者: royroy666 (老鼠),標題: [問卦] 選前一個月超級震撼彈！！,時間: Fri Oct  2 13:21:47 2020
推: 0,噓: 1,分數: -1,作者: stuj9019 (肥宅好吃 ^Q^),標題: [問卦] 滯台美國人會回去投票嗎,時間: Fri Oct  2 12:21:53 2020
推: 8,噓: 2,分數: 6,作者: funasake (),標題: [問卦] 去日本一定要買什麼東西？,時間: Fri Oct  2 11:31:17 2020
推: 1,噓: 0,分數: 1,作者: NTUST (國立金城武科技大學),標題: [問卦] Onlyfans有什麼推薦追蹤的帳號嗎？,時間: Fri Oct  2 12:55:11 2020
推: 1,噓: 1,分數: 0,作者: EmeraldAZ (小穹控),標題: [問卦] 小穹的生日賀卡到啦>< (小穹陣線),時間: Wed Oct  7 18:26:15 2020
推: 9,噓: 1,分數: 8,作者: ginopun10477 (南瓜薯叔),標題: [問卦] 十個廣告七個是手遊,時間: Fri Oct  2 12:01:16 2020
推: 7,噓: 3,分數: 4,作者: Davichi5566 (如果從此不見面),標題: [問卦] 去教召查詢系統查自己資料會被紀錄嗎？,時間: Wed Oct  7 19:51:15 2020
推: 22,噓: 1,分數: 21,作者: Francise (少喝飲料多喝水),標題: [新聞] 竹聯幫內訌！萬華大亂鬥砍死人　賭場利,時間: Wed Oct  7 21:26:36 2020
推: 8,噓: 10,分數: -2,作者: norvasc (Norton),標題: [問卦] 跟愛莉莎莎同房一晚給10萬  你ok嗎？,時間: Fri Oct  2 12:37:23 2020
推: 16,噓: 9,分數: 7,作者: KeepHard (0.0),標題: [問卦] 中國大奶妹全來台灣是不是就和平統一了？,時間: Fri Oct  2 14:27:59 2020
推: 4,噓: 0,分數: 4,作者: Superxixai (洪粉吱已),標題: [問卦] 社會上阿薩布魯的人也太多了吧？,時間: Wed Oct  7 20:36:21 2020
推: 6,噓: 0,分數: 6,作者: chihchingho (松艄辣g),標題: [問卦] 沒人關心伊凡卡嗎？,時間: Fri Oct  2 14:59:52 2020
推: 6,噓: 5,分數: 1,作者: maybetodo (np),標題: [問卦] 教召14天含放假嗎？,時間: Wed Oct  7 19:55:23 2020
推: 20,噓: 2,分數: 18,作者: pupss89177 (asshole young),標題: [問卦] 咳三個月了怎麼辦,時間: Wed Oct  7 18:08:47 2020
推: 1,噓: 5,分數: -4,作者: kingtama (立志成為唬爛王),標題: [問卦] 地獄會不會只是另一個時空？,時間: Wed Oct  7 20:07:20 2020
推: 5,噓: 1,分數: 4,作者: Rrrxddd (有噴蛤蜊 RR),標題: [問卦] 是誰發現 香蕉 可以吃的,時間: Wed Oct  7 21:05:22 2020
推: 5,噓: 4,分數: 1,作者: kevin19528 (kk19528),標題: [問卦] 五行密碼到底是啥？,時間: Fri Oct  2 12:38:54 2020
推: 2,噓: 5,分數: -3,作者: QAQer (你為什麼不問我初戀幾歲?),標題: [問卦] 三年級學長特製的蔬菜汁很難喝,時間: Wed Oct  7 16:33:28 2020
推: 31,噓: 21,分數: 10,作者: kivan00 (Kivan),標題: [新聞] 中芯恐遭斷頭？英媒爆川普押錯籌碼,時間: Fri Oct  2 11:25:27 2020
推: 3,噓: 5,分數: -2,作者: aleck0211 (Hitori),標題: 川普死前會公開外星人秘密嗎,時間: Fri Oct  2 13:39:37 2020
推: 4,噓: 7,分數: -3,作者: david0426 (軒軒寶貝),標題: [問卦] iPhone用兩年 就開始發燙,時間: Wed Oct  7 20:01:48 2020
推: 5,噓: 14,分數: -9,作者: wang19980531 (中立評論員),標題: [問卦] 美國連香港都救不了 怎麼幫台灣？,時間: Fri Oct  2 13:28:37 2020
推: 7,噓: 3,分數: 4,作者: Lucky0105 (洋),標題: [問卦] 流氓能買的起c300？賺錢能力超強？,時間: Wed Oct  7 21:03:21 2020
推: 7,噓: 9,分數: -2,作者: avpenis123 (),標題: [問卦] 這碗鮭魚親子丼要多少？,時間: Wed Oct  7 18:18:42 2020
推: 3,噓: 2,分數: 1,作者: ytkuang (就是那個光),標題: [新聞] 逼少年「DIY」 嫌太慢 輔導老師伸手「幫,時間: Wed Oct  7 20:53:55 2020
推: 0,噓: 4,分數: -4,作者: david3809 (霜月薰),標題: [問卦] 台男自願加班 有加分嗎？,時間: Wed Oct  7 18:24:59 2020
推: 7,噓: 2,分數: 5,作者: RINPE (RIN),標題: [問卦] 為什麼開始抽煙？,時間: Wed Oct  7 18:15:13 2020
推: 13,噓: 8,分數: 5,作者: go190214 (天空之島拉普達),標題: [新聞] 藍營推萊牛卻反萊豬「可不可恥」？ 洪孟,時間: Wed Oct  7 19:51:16 2020
推: 1220,噓: 43,分數: 1177,作者: Superman007 (),標題: [爆卦] 川普中標,時間: Fri Oct  2 12:55:38 2020
推: 2,噓: 4,分數: -2,作者: simoncha (茶或咖啡),標題: [問卦] 愛莉莎莎包養你 多少錢可以接受,時間: Fri Oct  2 12:35:23 2020
推: 18,噓: 1,分數: 17,作者: eateat14 (SHERLOCKZH),標題: [新聞] 上萬噸事業廢棄物亂丟中彰投 環保掮客羈,時間: Wed Oct  7 19:45:10 2020
推: 3,噓: 0,分數: 3,作者: wakaura (wakaura),標題: [問卦] 應付教召有需要練身體嗎？,時間: Wed Oct  7 20:31:23 2020
推: 11,噓: 2,分數: 9,作者: demandlonely (樓台下的一盞燈),標題: [問卦] 有人機車騎上快速道路過嗎,時間: Wed Oct  7 17:01:23 2020
推: 0,噓: 0,分數: 0,作者: nayeonmywife (sanamywife),標題: [問卦] 有沒有Genshin Impact 廣告做得不錯的八,時間: Fri Oct  2 14:29:52 2020
推: 7,噓: 1,分數: 6,作者: antonysole (辰辰),標題: [問卦] 歷史上有沒有女人做了亡國之君,時間: Fri Oct  2 14:48:00 2020
推: 2,噓: 2,分數: 0,作者: ergostepo (ergo),標題: [問卦] 共機飛過來  不理它會怎樣嗎？,時間: Wed Oct  7 17:43:44 2020
推: 14,噓: 1,分數: 13,作者: colset (摳機主教),標題: [新聞] 昌鴻增強為中颱！最新路徑曝光大迴轉北上,時間: Wed Oct  7 20:43:22 2020
推: 2,噓: 2,分數: 0,作者: milk8144 (>@@<),標題: [問卦] 老闆說因為疫情不辦尾牙了？,時間: Wed Oct  7 18:51:17 2020
推: 0,噓: 1,分數: -1,作者: ME13 (小鳥),標題: [問卦] 早餐吃烤肉吐司的人多嗎（在線吃,時間: Fri Oct  2 12:25:58 2020
推: 1,噓: 2,分數: -1,作者: cutiehoneyzu (McHilo),標題: [問卦] 肥宅學蕭敬騰穿打洞的牛仔褲會變潮男嗎？,時間: Wed Oct  7 20:56:41 2020
推: 4,噓: 0,分數: 4,作者: leepingyo (御前一品帶刀龍侍衛),標題: [新聞] 失蹤近2年　議員爆：北韓前駐義國趙姓大,時間: Wed Oct  7 16:43:17 2020
推: 1,噓: 3,分數: -2,作者: gotopark (無限風光在險峰),標題: [新聞] 為明年台灣燈會 交通部長林佳龍參訪新竹,時間: Wed Oct  7 19:53:52 2020
推: 19,噓: 9,分數: 10,作者: asdf1256 (guest),標題: [新聞] 學雜費凍漲15年 私大校長砲轟：干涉大學,時間: Wed Oct  7 18:25:29 2020
推: 5,噓: 6,分數: -1,作者: onepunchgg (onepunchgg),標題: [問卦] 怎麼觸發分泌荷爾蒙,時間: Wed Oct  7 19:24:36 2020
推: 9,噓: 5,分數: 4,作者: doraBBO (天才小釣手),標題: [新聞] 史上首次「撲空」進入枯水期 桃竹苗台中4,時間: Wed Oct  7 18:05:32 2020
推: 14,噓: 0,分數: 14,作者: RikaShiguma (RikaShiguma),標題: [新聞] 微軟計畫投資10億美元 雅典建3座資料中心,時間: Wed Oct  7 19:04:34 2020
推: 8,噓: 1,分數: 7,作者: ggian123 (小孩當國文老師打斷他腿),標題: [問卦] 彭斯和賀錦麗誰最有機會當選總統,時間: Fri Oct  2 13:22:43 2020
推: 3,噓: 5,分數: -2,作者: Ketsu24 (阿可),標題: [問卦] 有沒有諾貝爾獎排華的八卦？,時間: Wed Oct  7 18:48:33 2020
推: 11,噓: 4,分數: 7,作者: fragmentwing (片翼碎夢),標題: [新聞] 中山高湖口服務區驚傳隨機砍人 看惡煞一,時間: Wed Oct  7 18:27:16 2020
推: 2,噓: 0,分數: 2,作者: STAV72 (刁民黨黨務主委),標題: [問卦] 印度仔躺分就對了？,時間: Fri Oct  2 13:28:46 2020
推: 1,噓: 0,分數: 1,作者: sup5566 (舒跑烏溜溜),標題: [問卦] 川普有權力公佈51區的秘密嗎？,時間: Fri Oct  2 13:45:09 2020
推: 7,噓: 1,分數: 6,作者: bennyalen (小周),標題: [問卦] 預購到PS2有多爽？,時間: Fri Oct  2 11:57:30 2020
推: 3,噓: 11,分數: -8,作者: ubcs (覺★青年超冒險蓋),標題: [公告]十月份置底閒聊區      ,時間: Wed Oct  7 16:57:26 2020
推: 25,噓: 1,分數: 24,作者: henry100 (Henry),標題: [問卦] 最後川普沒事，而梅蘭妮雅GG，會如何？,時間: Fri Oct  2 13:45:29 2020
推: 33,噓: 4,分數: 29,作者: richshen (哇哈哈),標題: [新聞] 婦科名醫麻醉性侵15分鐘3次 妻揭惡行：他,時間: Wed Oct  7 20:50:28 2020
推: 1,噓: 1,分數: 0,作者: xxxluke (我手裡拿著小皮鞭),標題: [問卦] 豆導會怎麼拍鬼滅真人版,時間: Wed Oct  7 20:56:43 2020
推: 3,噓: 2,分數: 1,作者: oscarwu3041 (夢想家的羽毛),標題: [問卦] 辛普森家庭想暗示什麼？,時間: Fri Oct  2 14:25:18 2020
推: 4,噓: 6,分數: -2,作者: yolin2012 (yolin),標題: [問卦] 飲料店根本不甩禁用塑膠吸管？,時間: Wed Oct  7 18:22:26 2020
推: 13,噓: 5,分數: 8,作者: sukiyasuica (suica),標題: [新聞] 驚險！92歲老翁遭水泥車撞捲進車底 差幾,時間: Wed Oct  7 16:12:53 2020
推: 8,噓: 1,分數: 7,作者: Ericz7000 (♥安潔莉卡正統老公♥),標題: [問卦] 失去雙手的退役軍人可以做什麼工作？,時間: Wed Oct  7 19:41:11 2020
推: 0,噓: 3,分數: -3,作者: MintSu (Simon),標題: [問卦] 要怎麼求雨？,時間: Wed Oct  7 18:24:43 2020
推: 2,噓: 1,分數: 1,作者: qazxc1156892 (QQ),標題: [問卦] 川普的十月驚奇是不是夠驚奇？,時間: Fri Oct  2 13:27:56 2020
推: 4,噓: 3,分數: 1,作者: takashi01 (中和孔劉),標題: [問卦] 欸欸為何吃火龍果大便會是紅的,時間: Fri Oct  2 11:41:40 2020
推: 1,噓: 0,分數: 1,作者: LineageM (天堂M),標題: [問卦] 希拉蕊已經準備好了嗎？,時間: Fri Oct  2 13:34:11 2020
推: 0,噓: 0,分數: 0,作者: semih (Sayginer),標題: [新聞] 桃園砸1950萬元辦萬聖節觀光活動 民代批,時間: Wed Oct  7 21:29:43 2020
推: 3,噓: 1,分數: 2,作者: nonpolar (Nonpolar),標題: [問卦] 現在郵局物流是不是很閒啊？,時間: Wed Oct  7 16:58:46 2020
推: 6,噓: 1,分數: 5,作者: teeheehee (軟尾拋拋翔(′・ω・`)),標題: [問卦] 有沒有手很小男生的八卦？,時間: Fri Oct  2 12:04:20 2020
推: 10,噓: 6,分數: 4,作者: ttfan (),標題: [新聞] 陳廷寵辦台商學校年領6000萬政府補助,時間: Fri Oct  2 11:29:54 2020
推: 4,噓: 0,分數: 4,作者: dean1990 (狄恩院長),標題: [問卦] 台灣484跟自由行星同盟越來越像惹,時間: Fri Oct  2 12:23:46 2020
推: 4,噓: 3,分數: 1,作者: aynmeow (我想成為安康魚),標題: [問卦] 我朋友打雪仗害死同事,時間: Wed Oct  7 21:14:56 2020
推: 6,噓: 2,分數: 4,作者: Mesenne (姆咪姆咪),標題: [問卦] 店家數學不好的八卦？,時間: Fri Oct  2 13:14:21 2020
推: 1,噓: 1,分數: 0,作者: chamge7788 (經濟王7887),標題: [問卦] 湯底的四種，鄉民覺得哪個最好,時間: Wed Oct  7 20:57:58 2020
推: 0,噓: 0,分數: 0,作者: zxc7 (OuO),標題: [問卦] 千千跟lulu怎在比賽大胃王 卦,時間: Fri Oct  2 15:39:37 2020
推: 0,噓: 0,分數: 0,作者: echoo (回聲O),標題: [問卦] 澎湖的街景怎麼能那麼乾淨,時間: Wed Oct  7 21:33:13 2020
推: 19,噓: 2,分數: 17,作者: jeff785chen (raincat29),標題: [問卦] 到好市多有什麼必買的,時間: Wed Oct  7 17:12:19 2020
推: 12,噓: 2,分數: 10,作者: TPDC (                 ),標題: [新聞] 疑女友中秋夜跑去跟新歡烤肉 醋男尾隨撂,時間: Fri Oct  2 12:12:57 2020
推: 1,噓: 1,分數: 0,作者: kone33221 (阿揪),標題: [問卦] 有沒有長大就不挑食的八卦,時間: Wed Oct  7 19:15:06 2020
推: 7,噓: 0,分數: 7,作者: colorless (colorless),標題: [新聞] 諾貝爾化學獎 2名女學者研究基因編輯共享殊榮,時間: Wed Oct  7 17:58:04 2020
推: 4,噓: 0,分數: 4,作者: RachelMcAdam (瑞秋賣燈絲),標題: [問卦] 鐵板紅藍州的美國選民在想什麼？,時間: Wed Oct  7 18:11:36 2020
推: 1,噓: 0,分數: 1,作者: Gorbachev (戈巴契夫頭髮最長!),標題: [問卦] 不管我的靈魂 困在哪個肉身...,時間: Wed Oct  7 18:03:33 2020
推: 24,噓: 4,分數: 20,作者: k90209 (k90209),標題: [問卦] 南部這樣的內容物 110合理嗎？,時間: Wed Oct  7 19:48:53 2020
推: 16,噓: 2,分數: 14,作者: Government (政府),標題: [問卦] 新娘來敬酒 拉住我衣袖又放開讓我走 怎辦,時間: Fri Oct  2 11:39:28 2020
推: 61,噓: 26,分數: 35,作者: yank0612 (魯宅),標題: [爆卦] 支那垃圾賤畜集體高潮,時間: Fri Oct  2 14:10:22 2020
推: 14,噓: 5,分數: 9,作者: frogcty (小蛙),標題: [問卦] 內湖區的東湖大停電，能幹嘛    ,時間: Wed Oct  7 19:13:47 2020
推: 4,噓: 2,分數: 2,作者: wang19980531 (中立評論員),標題: [問卦] 在台灣活得這麼爽 台灣哪可能輸出？,時間: Wed Oct  7 18:08:03 2020
推: 8,噓: 3,分數: 5,作者: songgood (ilovegoodgame),標題: [新聞] 違規左轉害死重機大學生情侶檔 預拌水泥,時間: Wed Oct  7 18:20:30 2020
推: 23,噓: 5,分數: 18,作者: saiulbb (#KEEP MLB GREAT!),標題: [問卦] 露營初新手從哪開始起步比較好的八卦阿？,時間: Wed Oct  7 20:29:12 2020
推: 1,噓: 0,分數: 1,作者: tatty5566 ( ),標題: [問卦] 有沒有拉姆齊Ramsay的八卦,時間: Fri Oct  2 11:55:11 2020
推: 1,噓: 2,分數: -1,作者: KahoJyumonji (Kahojyumonji),標題: [新聞] 平林社區性平小旅行 帶動疫情後雙溪觀光,時間: Wed Oct  7 20:41:07 2020
推: 3,噓: 1,分數: 2,作者: ntpuisbest (阿龍),標題: [問卦] 每個診所醫生都台大主治的八卦,時間: Fri Oct  2 13:21:36 2020
推: 19,噓: 0,分數: 19,作者: iamshana (CANINE力集中在一些重要S),標題: [新聞] 「深入敵營」你儂我儂親密互動 林俊憲親,時間: Fri Oct  2 14:14:41 2020
推: 11,噓: 2,分數: 9,作者: godgan (大俠巴西龜),標題: [問卦] 有沒有哆啦a夢在武肺期間還破紀錄的八卦,時間: Wed Oct  7 16:56:10 2020
推: 14,噓: 2,分數: 12,作者: GGINDOWBOW (吃肥肥裝頹頹),標題: [問卦] 蛋黃酥是不是月餅中的經典？,時間: Fri Oct  2 12:20:45 2020
推: 76,噓: 4,分數: 72,作者: ok8752665 ()()()()()()()()()()()(),標題: [問卦] 川普死掉會怎樣,時間: Fri Oct  2 13:15:19 2020
推: 6,噓: 0,分數: 6,作者: linhsiuwei (清心寡慾的天煞孤星),標題: [問卦] 感覺行為沉淪了怎麼辦,時間: Fri Oct  2 12:13:50 2020
推: 4,噓: 1,分數: 3,作者: Starcraft3 (小藥丸),標題: [新聞] 又出包!實名制口罩僅2層沒有熔噴不織布,時間: Wed Oct  7 21:10:09 2020
推: 14,噓: 1,分數: 13,作者: brokenback3 (3),標題: [問卦] 川普第一次參加選舉就能當選美國總統？,時間: Fri Oct  2 11:25:50 2020
推: 19,噓: 2,分數: 17,作者: andy199113 (Andy),標題: [新聞] 男拾獲疑「龍涎香」石頭 鑑定結果出爐「,時間: Wed Oct  7 21:10:34 2020
推: 6,噓: 3,分數: 3,作者: sowbox (sowbox),標題: [問卦] 家裡跑出野生螃蟹怎麼辦,時間: Wed Oct  7 19:20:08 2020
推: 0,噓: 0,分數: 0,作者: GeraldLiu (wolver),標題: [問卦] 連罵人的嘴型也要馬賽克了嗎？,時間: Fri Oct  2 13:33:54 2020
推: 3,噓: 0,分數: 3,作者: KENDO777 (KENDO777),標題: [問卦] 病毒戰有多可怕,時間: Fri Oct  2 13:18:54 2020
推: 46,噓: 2,分數: 44,作者: ak47box (陽光黃金蛋),標題: [新聞] 高市國小冷氣跳電停機1個月！網讚柯文哲,時間: Wed Oct  7 21:06:33 2020
推: 23,噓: 0,分數: 23,作者: kimi102240 (kiwibaby),標題: [協尋] 瑞光路一段 民生東路 行車記錄器,時間: Mon Sep 28 19:17:18 2020
推: 6,噓: 2,分數: 4,作者: voohong (SE Asia Fat Nerd),標題: [問卦] 同事出去烤肉你自己留下來吃肯德基,時間: Fri Oct  2 13:11:32 2020
推: 4,噓: 3,分數: 1,作者: fawangching (陽光宅叔),標題: [問卦] 退伍超過八年到底會不會被教召？,時間: Wed Oct  7 19:14:19 2020
推: 2,噓: 4,分數: -2,作者: s37166117 (ace),標題: [問卦] 嘴唇乾裂怎麼辦,時間: Wed Oct  7 21:05:30 2020
推: 6,噓: 1,分數: 5,作者: Toyosushij (Toyosushij),標題: [新聞] 「今晚我想來點....」毒蟲異想天開 竟偽,時間: Fri Oct  2 12:01:48 2020
推: 9,噓: 3,分數: 6,作者: semna (11),標題: [問卦] 台灣人一輩子要看幾遍食神？,時間: Fri Oct  2 15:06:48 2020
推: 42,噓: 5,分數: 37,作者: kimura0701 (一天要喝3千cc的水),標題: [問卦] 田壘居然還是現役選手？,時間: Wed Oct  7 16:17:49 2020
推: 2,噓: 0,分數: 2,作者: zoocouple (stillstriving),標題: [問卦] 有沒有彭恰恰個人債務問題的八卦,時間: Wed Oct  7 17:46:29 2020
推: 11,噓: 3,分數: 8,作者: TZUYIC (Celine-Flying On My Own),標題: [新聞] 何志偉綠中常會提美豬總量管制 莊瑞雄：,時間: Wed Oct  7 20:26:18 2020
推: 3,噓: 2,分數: 1,作者: chen0625 (不知道要打什麼？),標題: [問卦] 中國現在在想什麼？,時間: Fri Oct  2 13:44:14 2020
推: 1,噓: 7,分數: -6,作者: Rimi5566 (布口以欺付里美),標題: [問卦] 101國慶日出生要取什麼名字,時間: Fri Oct  2 12:01:43 2020
推: 26,噓: 3,分數: 23,作者: skycolor2 (dantuy),標題: [問卦] 志玲姐姐說的雙節合一是哪雙節？,時間: Fri Oct  2 11:27:53 2020
推: 7,噓: 3,分數: 4,作者: Darvish903 (頭髮捲慘了),標題: [問卦] 為什麼8+9的女人都這麼瘦啊？,時間: Fri Oct  2 15:26:33 2020
推: 3,噓: 6,分數: -3,作者: cake10414 (Peter),標題: [新聞] 台南黃金海岸淪垃圾海岸　中國媒體諷：這,時間: Wed Oct  7 21:18:40 2020
推: 47,噓: 3,分數: 44,作者: ll6a (老成a~),標題: [問卦] 川普打悲情牌會有人買單嗎？,時間: Fri Oct  2 14:34:22 2020
推: 10,噓: 3,分數: 7,作者: hello456 (好無聊......),標題: [新聞] 「天然木瓜牛奶」論壇約壞 一伸手下秒慘,時間: Fri Oct  2 13:05:09 2020
推: 62,噓: 0,分數: 62,作者: HappyDiD (開心的動一動),標題: [問卦] 日本章魚燒好吃嗎？,時間: Wed Oct  7 16:58:36 2020
推: 4,噓: 4,分數: 0,作者: Soodesu (才不給你進勒 甲塞),標題: [問卦] youbike 分不同齒數可行嗎,時間: Wed Oct  7 19:06:22 2020
推: 6,噓: 1,分數: 5,作者: pl132 (pl132),標題: [新聞]四方安全對話 印度自信滿滿：空軍已經隨,時間: Wed Oct  7 21:10:35 2020
推: 3,噓: 1,分數: 2,作者: s10130804 (老摳摳一枚),標題: [問卦] 很多人喜歡在火車或高鐵借網路？,時間: Wed Oct  7 20:48:13 2020
推: 7,噓: 4,分數: 3,作者: DFIGHT (Dknight),標題: [問卦] 要怎麼和自尊心強到不認錯的三寶溝通？,時間: Fri Oct  2 11:59:16 2020
推: 4,噓: 2,分數: 2,作者: oftisa (oo),標題: [問卦] 川普挺台應該幫台灣收購 FIAT-克萊斯勒,時間: Fri Oct  2 14:06:25 2020
推: 13,噓: 6,分數: 7,作者: febula (febula),標題: [問卦] 如果戰爭的話，你（個人）會投降嗎？,時間: Wed Oct  7 19:37:49 2020
推: 2,噓: 2,分數: 0,作者: Holmes7 (El Mundo),標題: [問卦] 教主有抽到魔關羽了嗎？,時間: Fri Oct  2 14:33:26 2020
推: 14,噓: 1,分數: 13,作者: Laizinho (森野熊三),標題: [爆卦] 拜登1991年時稱2020時我極可能已死了,時間: Fri Oct  2 15:30:56 2020
推: 1,噓: 0,分數: 1,作者: didi0909 (asabulu),標題: [問卦] 可以一人一信到白宮建議我川嗎？,時間: Fri Oct  2 14:03:54 2020
推: 2,噓: 3,分數: -1,作者: NoobCV (挑戦者+3),標題: [問卦] 在711吃飯開直播的網美,時間: Wed Oct  7 19:32:28 2020
推: 7,噓: 1,分數: 6,作者: Howard61313 (好餓),標題: [問卦] 美國大選辯論，主持人華勒斯現在在想啥,時間: Fri Oct  2 13:35:50 2020
推: 14,噓: 1,分數: 13,作者: start9963 (失火啦火葬場啦),標題: [問卦] 被漆彈打到是有多痛啊,時間: Fri Oct  2 13:03:10 2020
推: 6,噓: 0,分數: 6,作者: b10485762000 (台北寂寞部屋),標題: [新聞] 火星真有生命存在？ 義大利科學家宣稱火,時間: Fri Oct  2 11:38:57 2020
推: 6,噓: 4,分數: 2,作者: andy15053 (andy),標題: [問卦] 月老這麼靈，各位肥宅怎麼還單身？,時間: Fri Oct  2 11:37:16 2020
推: 5,噓: 0,分數: 5,作者: thesonofevil (四非亞心),標題: [問卦] 老大 口水戰真的有用耶,時間: Fri Oct  2 13:19:40 2020
推: 7,噓: 5,分數: 2,作者: qwer1988 (白獅),標題: [問卦] 為何共匪軍機擾台 我們要出動驅逐？,時間: Wed Oct  7 18:30:15 2020
推: 6,噓: 0,分數: 6,作者: asdfg012345 (Vicious circle),標題: [問卦] 美國不開戰！總統總統染疫難道吞下去,時間: Fri Oct  2 14:41:51 2020
推: 9,噓: 2,分數: 7,作者: cdcardabc (覺得難笑就給個推去逃漏5),標題: [問卦] 川普中標 五毛高潮？,時間: Fri Oct  2 14:58:21 2020
推: 37,噓: 3,分數: 34,作者: qazxc1156892 (QQ),標題: [新聞] 川普拒絕「改變辯論形式」：我上次輕鬆,時間: Fri Oct  2 11:45:34 2020
推: 3,噓: 0,分數: 3,作者: ljsnonocat2 (凡所有相皆是虛妄),標題: [問卦] 共機擾台 可以用雷達鎖定嗎？,時間: Wed Oct  7 19:10:39 2020
推: 9,噓: 1,分數: 8,作者: GGBronze (DavidWang),標題: [問卦] 認真問 準備電機研究所大概要多久？？,時間: Fri Oct  2 15:02:54 2020
推: 10,噓: 2,分數: 8,作者: ilc0217 (老羽),標題: [爆卦] 中秋夜，我家門口有人自撞,時間: Fri Oct  2 13:23:21 2020
推: 3,噓: 3,分數: 0,作者: philip5566 (5566得第一),標題: [爆卦] 台灣上華盛頓郵報…的標題,時間: Wed Oct  7 20:07:24 2020
推: 1,噓: 9,分數: -8,作者: Bape5566APE (我的迷彩外套有5個仁甫頭),標題: [問卦] 愛莉莎莎刻在你心底的名字,時間: Fri Oct  2 12:39:29 2020
推: 10,噓: 1,分數: 9,作者: taco3019397 (taco),標題: [問卦] 月收50萬在鄉下是什麼等級,時間: Fri Oct  2 15:31:37 2020
推: 5,噓: 4,分數: 1,作者: kinki999 (QQk 廢文被劣文中),標題: [問卦] 台女脫口秀只能靠黃色出名嗎,時間: Fri Oct  2 12:54:29 2020
推: 8,噓: 0,分數: 8,作者: gogopacer (gogopacer),標題: [問卦] 憑實力發爆文是不是滿強的？,時間: Wed Oct  7 19:36:29 2020
推: 48,噓: 19,分數: 29,作者: admeta (陽明山),標題: [新聞] 佛心來的！全台唯一「特斯拉小黃」在新竹,時間: Wed Oct  7 16:44:39 2020
推: 3,噓: 9,分數: -6,作者: norvasc (Norton),標題: [問卦] 愛莉莎莎居然還沒男友？ 怎麼解釋,時間: Fri Oct  2 12:07:11 2020
推: 3,噓: 0,分數: 3,作者: zarados (HowKung-Fu),標題: [問卦] 美軍 CIA 現在在幹嘛？,時間: Fri Oct  2 14:00:28 2020
推: 3,噓: 0,分數: 3,作者: scotch77642 (夢遺張孝全),標題: [問卦] 女生會愛看軍教片嗎,時間: Fri Oct  2 13:32:49 2020
推: 23,噓: 0,分數: 23,作者: muse87131 (),標題: [問卦] 川普中標，週一台股怎麼玩？,時間: Fri Oct  2 13:41:36 2020
推: 31,噓: 5,分數: 26,作者: Tencc (10cc),標題: [新聞] 深夜驚魂！妙齡女遭尾隨200米　急叩男友,時間: Wed Oct  7 18:42:56 2020
推: 44,噓: 2,分數: 42,作者: Busufu (不太舒服),標題: [問卦] 工程師該開什麼等級的車？,時間: Wed Oct  7 18:04:45 2020
推: 8,噓: 4,分數: 4,作者: leon105 (@@),標題: [新聞] 背女友偷吃同校妹「6天做3次」！專科男,時間: Wed Oct  7 20:22:45 2020
推: 7,噓: 0,分數: 7,作者: melissalewis (龍使弗利茲),標題: [問卦] ‘’和平‘’是不是根本不可能？,時間: Fri Oct  2 12:36:51 2020
推: 4,噓: 3,分數: 1,作者: xxxluke (我手裡拿著小皮鞭),標題: [問卦] 鳴人共使出多少次影分身？,時間: Wed Oct  7 19:58:41 2020
推: 234,噓: 36,分數: 198,作者: GrimmNotes (格林童話),標題: [問卦] 中國人：川普一死 下個就換台灣,時間: Fri Oct  2 13:50:44 2020
推: 2,噓: 3,分數: -1,作者: ergostepo (ergo),標題: [問卦] 大家國慶連假有出遊嗎？,時間: Fri Oct  2 11:53:17 2020
推: 5,噓: 6,分數: -1,作者: staedtler (鐵甲武士),標題: [新聞] 色男持刀白嫖強盜按摩女　留100元給她吃,時間: Fri Oct  2 13:48:51 2020
推: 13,噓: 6,分數: 7,作者: waymayday (不要問),標題: [問卦] 貓貓要怎麼料理？,時間: Wed Oct  7 20:15:14 2020
推: 9,噓: 3,分數: 6,作者: HisVol (他的體積),標題: [問卦] 台灣自行車廠為什麼比汽車強那麼多？,時間: Fri Oct  2 12:23:57 2020
推: 19,噓: 1,分數: 18,作者: KouKouMeow (摳摳),標題: [協尋] 高雄前金區 黑白貓小蜜(代po),時間: Wed Sep 30 22:46:26 2020
推: 6,噓: 2,分數: 4,作者: ilovemami (聯絡簿教主),標題: [問卦] 能免役要免役嗎,時間: Wed Oct  7 17:53:33 2020
推: 0,噓: 0,分數: 0,作者: GOD5566GOD (o'_'o),標題: [新聞] 川普夫婦確診 羅友志驚喊：美國版的兩顆,時間: Fri Oct  2 15:44:00 2020
推: 7,噓: 2,分數: 5,作者: billkingFH (kiraqueen),標題: [問卦] 絕版的書自行列印會觸法嗎？,時間: Fri Oct  2 13:57:57 2020
推: 2,噓: 0,分數: 2,作者: Acalanatha (不動明王),標題: [問卦] 中國人的傳統美德都到哪兒去了？,時間: Fri Oct  2 12:09:10 2020
推: 4,噓: 0,分數: 4,作者: smalltwo (獎金獵人),標題: [新聞] 水情拉警報 桃竹苗台中4區域下週三起實施,時間: Wed Oct  7 17:43:30 2020
推: 59,噓: 15,分數: 44,作者: Aruka0924 (Aruka),標題: [問卦] 台灣豬標章得獎作者：綠色代表安全,時間: Wed Oct  7 19:42:09 2020
推: 16,噓: 5,分數: 11,作者: lunli924 (餛飩),標題: [問卦] hebe的唱腔 怎麼越來越奇怪,時間: Wed Oct  7 17:25:23 2020
推: 0,噓: 0,分數: 0,作者: TomRiddle (湯姆瑞斗),標題: [問卦] 現實世界要怎麼拐走有錢人的未婚妻,時間: Fri Oct  2 13:38:52 2020
推: 5,噓: 1,分數: 4,作者: sinana (  ),標題: [問卦] 裝病,時間: Fri Oct  2 13:49:48 2020
推: 111,噓: 2,分數: 109,作者: TyuzuChou (子瑜我老婆),標題: [新聞] 川普確診新冠肺炎 感染科醫：拜登危險了,時間: Fri Oct  2 14:03:56 2020
推: 10,噓: 6,分數: 4,作者: yorkyoung (約克羊),標題: [問卦] 每次睡醒頭髮都會亂翹怎麼辦,時間: Fri Oct  2 12:18:41 2020
推: 2,噓: 2,分數: 0,作者: teeheehee (軟尾拋拋翔(′・ω・`)),標題: [問卦] 中秋烤肉趴帶甚麼食材最雷？,時間: Fri Oct  2 12:57:57 2020
推: 23,噓: 0,分數: 23,作者: kiball (stay hungry),標題: [新聞] 「反覆自打臉又一直要當官」　林為洲再,時間: Wed Oct  7 17:44:20 2020
推: 88,噓: 2,分數: 86,作者: JetChen (JetChen),標題: [問卦] 如果川普康復會說什麼？,時間: Fri Oct  2 13:51:37 2020
推: 11,噓: 0,分數: 11,作者: chuchichan (老邱),標題: [問卦] 北市新生南路是不是設計得很智障,時間: Fri Oct  2 12:59:45 2020
推: 15,噓: 1,分數: 14,作者: jackymars5 ((                )),標題: [問卦] 有無秋天真的來臨了,時間: Wed Oct  7 19:20:53 2020
推: 4,噓: 1,分數: 3,作者: Cassander (Cassander),標題: [新聞]瑞郎升不停 瑞士央行擋不住,時間: Wed Oct  7 19:14:37 2020
推: 4,噓: 1,分數: 3,作者: sploo (正確的方向決定一切),標題: [問卦] 歐陽娜娜是不是用來轉移焦點的,時間: Fri Oct  2 11:58:53 2020
推: 3,噓: 7,分數: -4,作者: ckp4131025 (ckp4131025),標題: [問卦] Buffett 只吃8分飽算財富自由嗎,時間: Fri Oct  2 12:40:05 2020
推: 17,噓: 1,分數: 16,作者: Thirdshadow (滑蛋少年糰),標題: [問卦] 如何入門二戰歷史？,時間: Fri Oct  2 15:17:49 2020
推: 1,噓: 3,分數: -2,作者: Gary5566 (等我長大要娶天音かなた),標題: [問卦] 下課想直接回家卻被我姊叫去加社團,時間: Wed Oct  7 21:17:44 2020
推: 85,噓: 26,分數: 59,作者: AZ09 (卡薩丁守中路),標題: [新聞] 五星旗亂象》防中共藉言論自由統戰 綠委,時間: Fri Oct  2 12:15:07 2020
推: 19,噓: 5,分數: 14,作者: seabox (盒盒),標題: [公告] 數條板規修改草案於gossippicket討論,時間: Sun Oct  4 21:16:27 2020
推: 2,噓: 3,分數: -1,作者: david0426 (軒軒寶貝),標題: [問卦] 吃螃蟹時都怎麼去殼？,時間: Wed Oct  7 19:53:39 2020
推: 5,噓: 0,分數: 5,作者: edwardsyo (愛德華),標題: [問卦] 川普康復後會說什麼,時間: Fri Oct  2 14:46:38 2020
推: 128,噓: 7,分數: 121,作者: hateOnas (老伴 △要怕老婆),標題: [問卦] 清國國慶是何時？發錢算內亂嗎,時間: Fri Oct  2 12:47:05 2020
推: 9,噓: 4,分數: 5,作者: love913109 (暖男好難當),標題: [問卦] 買3杯綠豆沙牛奶只有一根吸管是什麼意思,時間: Wed Oct  7 16:38:12 2020
推: 124,噓: 13,分數: 111,作者: tony900735 (安西街教練),標題: [問卦] 拜登超穩了吧？,時間: Fri Oct  2 13:29:49 2020
推: 19,噓: 4,分數: 15,作者: googolplex (googolplex),標題: [新聞] 扁籲朝野兩岸和解 馬點頭相挺,時間: Fri Oct  2 12:49:51 2020
推: 89,噓: 7,分數: 82,作者: shenguan (申申不息),標題: [問卦] 陸客多久沒來了台灣也沒怎樣,時間: Wed Oct  7 18:10:15 2020
推: 17,噓: 3,分數: 14,作者: mossdevin (Devin Moss 10),標題: [問卦] 中國戰狼外交成果出爐! 全世界恨死了!,時間: Wed Oct  7 19:10:59 2020
推: 11,噓: 4,分數: 7,作者: taipei5566 (臺北56),標題: [問卦] 多賢最可愛是什麼時期？,時間: Fri Oct  2 14:20:04 2020
推: 18,噓: 4,分數: 14,作者: HisVol (他的體積),標題: [新聞] 獨家｜金曲台語歌后浴室全裸重摔　送急診,時間: Wed Oct  7 16:30:37 2020
推: 6,噓: 0,分數: 6,作者: Scathach (紫色BBA),標題: [問卦] 維尼的歷史定位是不是穩了,時間: Fri Oct  2 13:10:10 2020
推: 8,噓: 1,分數: 7,作者: marsalien (mars),標題: [問卦] 民主黨派拜登是不是看美國人沒有,時間: Fri Oct  2 12:50:03 2020
推: 13,噓: 7,分數: 6,作者: joliha (一輪明月),標題: [問卦] 盲眼神婆巴巴萬加預言川普罹怪病倒下,時間: Fri Oct  2 15:09:38 2020
推: 4,噓: 1,分數: 3,作者: jeremytsai (鬆),標題: [問卦] 煞車油缸維修要多少錢啊？,時間: Wed Oct  7 17:28:34 2020
推: 1,噓: 2,分數: -1,作者: neil136 (BianYuanFeiJhai),標題: [問卦] 賣炸雞的，怎麼都不見了？,時間: Fri Oct  2 15:19:24 2020
推: 6,噓: 1,分數: 5,作者: WuDunE (GLAUCUS),標題: [問卦] 台灣能養老虎嗎,時間: Wed Oct  7 18:26:11 2020
推: 5,噓: 1,分數: 4,作者: createlight (創輝),標題: [新聞] 中共「抄近道」求世衛幫推未完成試驗的疫,時間: Wed Oct  7 20:59:47 2020
推: 5,噓: 2,分數: 3,作者: americ (americ),標題: [問卦] 有沒有7分鐘就一篇大紀元新唐人的八卦,時間: Wed Oct  7 20:49:23 2020
推: 6,噓: 3,分數: 3,作者: smileboy2016 (Sand Tree Pad),標題: [問卦] 慟！愛樂電台電腦版全面收費了！！！,時間: Wed Oct  7 17:36:03 2020
推: 16,噓: 0,分數: 16,作者: girl55665566 (同志友善ID),標題: [新聞] 宣稱保護同志導致滅亡 日本東京區議員拒,時間: Wed Oct  7 20:04:28 2020
推: 33,噓: 4,分數: 29,作者: nobel777 (),標題: [爆卦] 王柏融棒打日本澤村賞名投,時間: Wed Oct  7 19:19:13 2020
推: 2,噓: 2,分數: 0,作者: fly820822 (大飛哥啦),標題: [問卦] 美國484房子都可以隨便蓋,時間: Fri Oct  2 14:26:46 2020
推: 10,噓: 4,分數: 6,作者: toolmaster (工具人大師),標題: [問卦] 在北極丟冰塊就好了吧？,時間: Fri Oct  2 11:49:37 2020
推: 34,噓: 1,分數: 33,作者: Ryo5566 (),標題: [新聞] 酒店公關爽吃人夫...還跩嗆正宮「鬆姐黑,時間: Fri Oct  2 14:47:34 2020
推: 4,噓: 1,分數: 3,作者: createlight (創輝),標題: [新聞] 美50參議員促啓動美台全面貿易協議談判,時間: Fri Oct  2 12:55:21 2020
推: 6,噓: 1,分數: 5,作者: kbt2720 (master),標題: [問卦] 印加果油的卦,時間: Wed Oct  7 16:44:08 2020
推: 24,噓: 2,分數: 22,作者: wei0204 (喂~色情電話),標題: [新聞] 3葬槍道別！孫女捧骨灰 李登輝長眠五指山,時間: Wed Oct  7 20:31:24 2020
推: 3,噓: 1,分數: 2,作者: LeeAnAn (就值得了愛，就值得了等),標題: [問卦] 強人為什麼都先有女兒？,時間: Wed Oct  7 17:41:56 2020
推: 1,噓: 0,分數: 1,作者: Yirgacheffe (守住善良),標題: [新聞] 美公布年度難民接納計劃 首次納入香港人,時間: Fri Oct  2 13:26:58 2020
推: 12,噓: 2,分數: 10,作者: Elsie1999 (艾兒),標題: [問卦] 為何大腸麵線要加蒜泥？？,時間: Wed Oct  7 18:33:43 2020
推: 5,噓: 10,分數: -5,作者: t77133562003 (我是一隻山羊),標題: [新聞] 蘇揆指示 儘速盤整資安黑名單,時間: Wed Oct  7 17:02:51 2020
推: 1,噓: 1,分數: 0,作者: ann141414 (海底撈火鍋),標題: [問卦] 川普是不是要下去了啊,時間: Fri Oct  2 13:24:34 2020
推: 8,噓: 1,分數: 7,作者: nail5566 (寶寶不說),標題: [問卦] 川普推特1小時20萬留言,時間: Fri Oct  2 14:32:40 2020
推: 12,噓: 1,分數: 11,作者: saiulbb (#KEEP MLB GREAT!),標題: [新聞] 「你幾歲開始長陰毛？」 丹麥兒童節目給,時間: Wed Oct  7 21:21:10 2020
推: 2,噓: 0,分數: 2,作者: yogurt0313 (愛草莓),標題: [問卦] 銀行一直打來幹嘛,時間: Wed Oct  7 18:43:14 2020
推: 10,噓: 3,分數: 7,作者: ginsengwolf ( ),標題: [問卦] 梅花三不能保留是不是多數暴力,時間: Wed Oct  7 16:13:59 2020
推: 3,噓: 2,分數: 1,作者: zakijudelo (Zack),標題: [問卦] 共軍會不等外國人撤僑就打台灣？,時間: Wed Oct  7 17:54:26 2020
推: 4,噓: 10,分數: -6,作者: alinalovers (凜冬將至企鵝在天涯),"標題: [問卦] Baby shark, doo, doo, doo, doo, doo, ",時間: Wed Oct  7 20:00:41 2020
推: 11,噓: 0,分數: 11,作者: utdsml (阿邊肥),標題: [問卦] 推薦台中不會瘋狂推銷的健身房,時間: Fri Oct  2 12:01:30 2020
推: 4,噓: 0,分數: 4,作者: farmer (^_^),標題: [問卦] 房地產會崩盤嗎？,時間: Fri Oct  2 14:59:42 2020
推: 12,噓: 1,分數: 11,作者: yoyo2008yoyo (Jgosu?),標題: [問卦] 玩什麼遊戲才不顯宅啊,時間: Fri Oct  2 12:30:29 2020
推: 4,噓: 4,分數: 0,作者: juyhnmki (juyhnmki),標題: [問卦] 光頭櫻木來了！！,時間: Fri Oct  2 13:19:10 2020
推: 2,噓: 1,分數: 1,作者: h50212263 (奈威),標題: [問卦] 很用力業配奮game有多辛苦？,時間: Fri Oct  2 15:13:00 2020
推: 4,噓: 0,分數: 4,作者: iamshana (CANINE力集中在一些重要S),標題: [新聞] 台鐵區間車撞到闖入機車 保安=中洲雙向,時間: Wed Oct  7 21:17:49 2020
推: 2,噓: 2,分數: 0,作者: Comebuy (三分鐘熱度),標題: [新聞] 違國際禁令偷賣北韓石油3000噸　貪財船東,時間: Wed Oct  7 21:16:21 2020
推: 47,噓: 12,分數: 35,作者: Anddyliu (安滴滴),標題: [新聞] 教召不夠！陳玉珍提「金門民防自衛隊」,時間: Wed Oct  7 16:57:21 2020
推: 3,噓: 2,分數: 1,作者: coon182 (微笑小空空♥),標題: [問卦] 有沒有全聯要開節目的八卦,時間: Wed Oct  7 20:26:42 2020
推: 8,噓: 0,分數: 8,作者: ben28 (ben),標題: [問卦] 川普這次不死也半殘了？,時間: Fri Oct  2 13:25:46 2020
推: 3,噓: 2,分數: 1,作者: wsp0323 (wsp0323),標題: [問卦] 愛Z莎莎跟那兩個日本人到底有沒外流影片,時間: Fri Oct  2 11:55:51 2020
推: 20,噓: 18,分數: 2,作者: hbk20491 (〥夢中情一場夢〥),標題: [新聞] 陳廷寵「國軍戰力零」論 吳斯懷：憲法言,時間: Wed Oct  7 16:37:51 2020
推: 1,噓: 0,分數: 1,作者: nicolaskage (棋聖),標題: [問卦] 我們是不是都把藝人想錯了,時間: Fri Oct  2 12:55:31 2020
推: 10,噓: 1,分數: 9,作者: AllMight (澤近愛理我老婆),標題: [問卦] 白石到底有什麼資格站在西野七瀬旁邊？,時間: Wed Oct  7 21:07:42 2020
推: 8,噓: 2,分數: 6,作者: ans781020 (5566),標題: [問卦]急！ 台中一中街有沒有能寄放包包的,時間: Fri Oct  2 12:23:36 2020
推: 6,噓: 3,分數: 3,作者: toto3527 (toto),標題: [問卦] 我破解兩岸開戰的方法了,時間: Wed Oct  7 21:03:07 2020
推: 4,噓: 2,分數: 2,作者: a09651238 (可口美味好滋味),標題: [問卦] 台股來不及逃耶,時間: Fri Oct  2 13:27:12 2020
推: 48,噓: 3,分數: 45,作者: kailayxiudo (肉毒桿菌),"標題: [新聞] Excel漏數據之亂 英國1萬6,000名COVID-19",時間: Wed Oct  7 19:23:10 2020
推: 48,噓: 6,分數: 42,作者: LinuxKernel (Linus Torvalds),標題: [新聞] 綠委竟爆陳其邁上任後 高雄治安不佳 懲處,時間: Wed Oct  7 19:59:05 2020
推: 2,噓: 0,分數: 2,作者: johanLarson (Rent),標題: [問卦] 中國開始要抹臭美國了嗎,時間: Fri Oct  2 13:39:04 2020
推: 15,噓: 1,分數: 14,作者: rosefan (Rocket Queen),標題: [新聞] 川普確診｜重大！川普證實和第一夫人確,時間: Fri Oct  2 13:42:57 2020
推: 10,噓: 3,分數: 7,作者: gn01914712 (台大人類系之光柏豪哥),標題: [問卦] 隨便說三個台北市景點,時間: Wed Oct  7 16:48:47 2020
推: 8,噓: 2,分數: 6,作者: bornwinner (tripleandyliu),標題: [問卦] 拜登如果也確診美國大選會延期嗎？,時間: Fri Oct  2 15:15:59 2020
推: 0,噓: 0,分數: 0,作者: seabox (盒盒),標題: [公告] 八卦板板規(2020.07.21),時間: Tue Jul 21 00:00:04 2020
推: 22,噓: 35,分數: -13,作者: armorblocks (package),標題: [新聞] 新課本撞臉小英 蔡英文笑：以後都要選女,時間: Wed Oct  7 19:03:27 2020
推: 1,噓: 3,分數: -2,作者: kopuck (派翠克星星),標題: [問卦] 白鞋為什麼這麼誘人,時間: Fri Oct  2 11:57:31 2020
推: 0,噓: 0,分數: 0,作者: JimOBrien (family man),標題: [新聞] 屏東新住民媽媽搭起溝通橋樑 影像記錄移,時間: Fri Oct  2 12:55:10 2020
推: 4,噓: 1,分數: 3,作者: eeth (韓國綜藝社),標題: [新聞] 新澤西州垃圾箱內發現成堆郵件 包括選票,時間: Wed Oct  7 20:28:58 2020
推: 42,噓: 4,分數: 38,作者: v26457681 (),標題: [問卦] 義交都是計程車司機兼差 時薪300,時間: Wed Oct  7 17:21:35 2020
推: 13,噓: 12,分數: 1,作者: blueskymaple (你是不是在發球),標題: [新聞] 他選上高雄拋棄年輕人？李眉蓁怒：這錢,時間: Wed Oct  7 19:25:11 2020
推: 2,噓: 5,分數: -3,作者: Fortran (Fortran),標題: [問卦] 墾丁後壁湖海底十字架的八卦,時間: Wed Oct  7 21:23:52 2020
推: 2,噓: 0,分數: 2,作者: cycling (一直暴雷一直爽),標題: [新聞] 在野3黨明聯合提監院人事案釋憲　藍白合,時間: Wed Oct  7 20:53:11 2020
推: 2,噓: 4,分數: -2,作者: AllBlack (All Black),標題: [問卦] 支持英國、美國即刻進攻中國！,時間: Fri Oct  2 13:32:10 2020
推: 12,噓: 4,分數: 8,作者: lescafe (),標題: [新聞] 有片／人在美國不忘花蓮　蕭美琴錄影捎,時間: Fri Oct  2 12:34:35 2020
推: 19,噓: 0,分數: 19,作者: seibu (難過),標題: [新聞] 操作吊車誤觸高壓電 男子遭電擊送醫,時間: Wed Oct  7 16:32:10 2020
推: 1,噓: 1,分數: 0,作者: JasperChang (PeterChou),標題: [問卦] 暗槓退房小費有搞頭嗎,時間: Wed Oct  7 20:57:34 2020
推: 5,噓: 1,分數: 4,作者: paulabxz123 (優文大師),標題: [問卦] 手機的emoji表情符號484很嘲諷,時間: Fri Oct  2 12:55:06 2020
推: 3,噓: 1,分數: 2,作者: layu19920414 (Guan-Jie Huang),標題: [問卦] 萬華的廚具店484很黑牙？,時間: Wed Oct  7 20:06:20 2020
推: 7,噓: 2,分數: 5,作者: chadmu (查德姆),標題: [問卦] 在全聯上班是什麼感覺,時間: Wed Oct  7 21:21:50 2020
推: 60,噓: 2,分數: 58,作者: pitalvlu (pital),標題: [新聞] 川普確診「躺棺材」曝光！美網友貼辛普,時間: Fri Oct  2 14:18:21 2020
推: 29,噓: 6,分數: 23,作者: whj0530 (億載金城武),標題: [新聞] 川普夫婦確診陸網嗨爆！直衝微博熱搜第一,時間: Fri Oct  2 14:59:13 2020
推: 3,噓: 0,分數: 3,作者: Giddcns (狠、插、勁！！！),標題: [問卦] 命理老師會怎麼評論這波染疫？,時間: Fri Oct  2 13:47:19 2020
推: 28,噓: 2,分數: 26,作者: hoyumi (正版型男...無誤!!!),標題: [新聞] 立院初審 調戲同性最高可處6000元罰鍰  ,時間: Wed Oct  7 17:29:05 2020
推: 167,噓: 8,分數: 159,作者: CharleneTsai (給他200塊去吃麥當勞啦),標題: [新聞] 海邊漂來「怪香黑石」！送檢報告出爐「就,時間: Wed Oct  7 16:48:39 2020
推: 2,噓: 4,分數: -2,作者: Dinenger (低能兒),標題: [問卦] 欸欸 川普甘我屁事？洗一堆標題,時間: Fri Oct  2 13:36:11 2020
推: 3,噓: 2,分數: 1,作者: pewdiefish (PewDieFish),標題: [問卦] 有沒有胸罩L75是什麼概念的八卦,時間: Wed Oct  7 18:25:38 2020
推: 6,噓: 0,分數: 6,作者: tatty5566 ( ),標題: [問卦] 當時屯酒精的現在在想什麼,時間: Fri Oct  2 13:33:29 2020
推: 7,噓: 1,分數: 6,作者: wavespirit (鄉民進化論),標題: [新聞] 川普染疫！新冠病毒檢測呈陽性 道瓊期指4,時間: Fri Oct  2 13:41:55 2020
推: 1,噓: 1,分數: 0,作者: zakijudelo (Zack),標題: [問卦] 川普辯論會狂插話噴口水，是計畫通？,時間: Fri Oct  2 13:30:08 2020
推: 1,噓: 0,分數: 1,作者: seth5421 (正版廢文王),標題: [問卦] 大家會仔細算找回來的錢嗎,時間: Wed Oct  7 20:52:07 2020
推: 22,噓: 29,分數: -7,作者: Israfil (贖罪聖音),標題: [新聞] 中共不是祖國？蔡正元歷史分析 「中國確,時間: Fri Oct  2 15:10:13 2020
推: 6,噓: 3,分數: 3,作者: ToHsiang (誤上賊船),標題: [新聞] 2北市長熱門人選同現身 陳時中讚不簡單林右,時間: Fri Oct  2 15:24:08 2020
推: 63,噓: 21,分數: 42,作者: joug (好東西不簽嗎),標題: [新聞] 國防部：教召14天最高加薪1.5倍　1年1訓2,時間: Wed Oct  7 16:31:29 2020
推: 6,噓: 1,分數: 5,作者: thegreatlcx (體制就跟五樓屁股一樣),標題: [問卦] 台灣工人的形象怎麼救？,時間: Fri Oct  2 14:32:48 2020
推: 4,噓: 2,分數: 2,作者: elec1141 (木村拓哉),標題: [問卦] 川普中鏢 算中國攻擊嗎？,時間: Fri Oct  2 13:27:56 2020
推: 2,噓: 5,分數: -3,作者: qskingq (勾勾),標題: [問卦] 如果美國堅持一中原則，台灣會被扁嗎==,時間: Fri Oct  2 14:18:48 2020
推: 7,噓: 1,分數: 6,作者: MintSu (Simon),標題: [問卦] 中國功夫打的贏印度少林功夫嗎？,時間: Wed Oct  7 16:42:58 2020
推: 9,噓: 2,分數: 7,作者: ben28 (ben),標題: [問卦] 賀中共國慶的藝人會賀我們國慶嗎？,時間: Fri Oct  2 11:46:43 2020
推: 5,噓: 0,分數: 5,作者: doraBBO (天才小釣手),標題: [問卦] 為什麼要相信房子會跌不能買這種話？,時間: Wed Oct  7 19:37:00 2020
推: 7,噓: 0,分數: 7,作者: nothisman (在人海中迷失),標題: [新聞] 地表「最胖肥熊」出爐！　635kg棕熊挺「,時間: Wed Oct  7 21:00:58 2020
推: 0,噓: 0,分數: 0,作者: wa778895 (oilsunbright),標題: [問卦] 我是被下套了嗎？,時間: Wed Oct  7 21:27:26 2020
推: 15,噓: 4,分數: 11,作者: stan0720 (Kimo),標題: [問卦] 認真問 人一天可以走幾公里呀？,時間: Fri Oct  2 14:00:50 2020
推: 5,噓: 0,分數: 5,作者: bigtreelife (Tree),標題: [問卦] 叫外送的年輕人都是什麼人,時間: Fri Oct  2 15:29:44 2020
